nadir_bin,exposure_weight,E_MeV,Pee_day,delta_Pee_earth,Pee_night
shallow,0.45,0.05,0.547932295224204,1.2769640977390234e-05,0.5479450648651814
shallow,0.45,0.1,0.5462951299568997,2.5934225401656578e-05,0.5463210641823013
shallow,0.45,0.15000000000000002,0.544639173211317,3.9497988084871435e-05,0.5446786711994019
shallow,0.45,0.2,0.5429646048296031,5.346505045196533e-05,0.5430180698800551
shallow,0.45,0.25,0.5412716256134517,6.783941574248857e-05,0.5413394650291942
shallow,0.45,0.3,0.5395604577004158,8.262496421144238e-05,0.5396430826646272
shallow,0.45,0.35000000000000003,0.5378313448990759,9.782544833335807e-05,0.5379291703474093
shallow,0.45,0.4,0.536084552979783,0.00011344448801387327,0.5361979974677968
shallow,0.45,0.45,0.5343203699177671,0.00012948556581312548,0.5344498554835803
shallow,0.45,0.5,0.5325391060854756,0.0001459520221853427,0.532685058107661
shallow,0.45,0.55,0.5307410943911249,0.0001628470507390769,0.530903941441864
shallow,0.45,0.6000000000000001,0.5289266903605904,0.0001801736935225788,0.529106864054113
shallow,0.45,0.6500000000000001,0.5270962721599234,0.0001979348363388677,0.5272942069962623
shallow,0.45,0.7000000000000001,0.5252502405559946,0.00021613320409509746,0.5254663737600896
shallow,0.45,0.7500000000000001,0.5233890188129767,0.00023477135619086458,0.5236237901691676
shallow,0.45,0.8,0.5215130525226489,0.00025385168195014477,0.521766904204599
shallow,0.45,0.8500000000000001,0.5196228093667814,0.0002733763961015762,0.519896185762883
shallow,0.45,0.9000000000000001,0.5177187788101739,0.0002933475343118467,0.5180121263444858
shallow,0.45,0.9500000000000001,0.5158014717232543,0.00031376694877695386,0.5161152386720312
shallow,0.45,1.0,0.5138714199335075,0.00033463630387614655,0.5142060562373837
shallow,0.45,1.05,0.5119291757053808,0.00035595707189335375,0.5122851327772742
shallow,0.45,1.1,0.5099753111487105,0.00037773052881092924,0.5103530416775215
shallow,0.45,1.1500000000000001,0.5080104175561333,0.00039995775018054436,0.5084103753063138
shallow,0.45,1.2000000000000002,0.5060351046703642,0.000422639607076057,0.5064577442774402
shallow,0.45,1.2500000000000002,0.5040499998826611,0.0004457767621331851,0.5044957766447943
shallow,0.45,1.3,0.502055747364235,0.0004693696656807992,0.5025251170299158
shallow,0.45,1.35,0.5000530071327988,0.0004934185519686346,0.5005464256847674
shallow,0.45,1.4000000000000001,0.4980424540568885,0.0005179234354961977,0.4985603774923847
shallow,0.45,1.4500000000000002,0.49602477680100965,0.0005428841074476241,0.4965676609084573
shallow,0.45,1.5000000000000002,0.4940006767150817,0.0005683001322371976,0.4945689768473189
shallow,0.45,1.55,0.49197086667204454,0.0005941708441702165,0.4925650375162148
shallow,0.45,1.6,0.4899360698578682,0.0006204953442238374,0.490556565202092
shallow,0.45,1.6500000000000001,0.48789701851855577,0.0006472724969524812,0.4885442910155082
shallow,0.45,1.7000000000000002,0.485854452669047,0.0006745009275223319,0.48652895359656934
shallow,0.45,1.7500000000000002,0.48380911876921834,0.0007021790188793895,0.4845112977880977
shallow,0.45,1.8,0.4817617683724227,0.0007303049090554806,0.48249207328147814
shallow,0.45,1.85,0.4797131567522234,0.0007588764886165465,0.48047203324084
shallow,0.45,1.9000000000000001,0.4776640415131419,0.0007878913982574569,0.47845193291139937
shallow,0.45,1.9500000000000002,0.47561518119136537,0.0008173470265475042,0.4764325282179129
shallow,0.45,2.0,0.473567333851435,0.0008472405078306524,0.47441457435926565
shallow,0.45,2.05,0.47152125568497005,0.0008775687202845079,0.47239882440525455
shallow,0.45,2.1,0.469477699617463,0.0009083282841418786,0.4703860279016049
shallow,0.45,2.15,0.46743741392912325,0.000939515560078684,0.46837692948920195
shallow,0.45,2.1999999999999997,0.4654011408956344,0.0009711266477718638,0.46637226754340627
shallow,0.45,2.25,0.4633696154545382,0.001003157384630807,0.464372772839169
shallow,0.45,2.3,0.46134356390276404,0.001035603344705698,0.46237916724746975
shallow,0.45,2.35,0.45932370263058236,0.0010684598377760637,0.4603921624683584
shallow,0.45,2.4,0.45731073689698987,0.0011017219086226415,0.4584124588056125
shallow,0.45,2.45,0.4553053596512236,0.0011353843364855672,0.4564407439877092
shallow,0.45,2.5,0.45330825040476197,0.001169441634711728,0.4544776920394737
shallow,0.45,2.55,0.451320074157804,0.0012038880505939795,0.45252396220839797
shallow,0.45,2.6,0.4493414803838282,0.0012387175654047582,0.450580197949233
shallow,0.45,2.65,0.44737310207542574,0.0012739238946264761,0.44864702597005224
shallow,0.45,2.7,0.44541555485417805,0.0013095004883808996,0.44672505534255896
shallow,0.45,2.75,0.44346943614691803,0.0013454405320595692,0.4448148766789776
shallow,0.45,2.8,0.4415353244302769,0.0013817369471571133,0.442917061377434
shallow,0.45,2.85,0.43961377854497835,0.0014183823923091562,0.44103216093728753
shallow,0.45,2.9,0.4377053370809074,0.0014553692645363223,0.43916070634544374
shallow,0.45,2.95,0.435810517833552,0.0014926897006956592,0.4373032075342477
shallow,0.45,3.0,0.4339298173319973,0.001530335579140609,0.43546015291113793
shallow,0.45,3.05,0.43206371043824987,0.0015682985215904732,0.43363200895984033
shallow,0.45,3.1,0.43021265001728065,0.0016065698952100979,0.4318192199124907
shallow,0.45,3.15,0.42837706667681164,0.001645140814900336,0.430022207491712
shallow,0.45,3.2,0.42655736857552473,0.0016840021457996165,0.42824137072132434
shallow,0.45,3.25,0.4247539412980541,0.0017231445059967647,0.42647708580405086
shallow,0.45,3.3,0.4229671477948285,0.0017625582694549863,0.4247297060642835
shallow,0.45,3.35,0.4211973283845654,0.0018022335691467517,0.4229995619537122
shallow,0.45,3.4,0.41944480081698055,0.0018421603003990726,0.4212869611173796
shallow,0.45,3.45,0.41770986039306884,0.0018823281244484732,0.41959218851751734
shallow,0.45,3.5,0.4159927801401312,0.0019227264722047378,0.41791550661233595
shallow,0.45,3.55,0.4142938110385746,0.0019633445482222884,0.4162571555867969
shallow,0.45,3.6,0.4126131822973864,0.0020041713348778536,0.41461735363226426
shallow,0.45,3.65,0.41095110167509324,0.0020451955967528542,0.4129962972718461
shallow,0.45,3.7,0.40930775584294476,0.00208640588521872,0.4113941617281635
shallow,0.45,3.75,0.4076833107870219,0.002127790543223135,0.40981110133024506
shallow,0.45,3.8,0.4060779122459516,0.0021693377102749893,0.4082472499562266
shallow,0.45,3.85,0.40449168618091363,0.0022110353276256103,0.40670272150853926
shallow,0.45,3.9,0.40292473927465483,0.0022528711436435984,0.4051776104182984
shallow,0.45,3.95,0.4013771594562669,0.0022948327193804264,0.4036719921756473
shallow,0.45,4.0,0.39984901644855236,0.0023369074343237025,0.40218592388287605
shallow,0.45,4.05,0.39834036233488035,0.0023790824923348025,0.40071944482721517
shallow,0.45,4.1,0.3968512321425259,0.0024213449277673796,0.39927257707029323
shallow,0.45,4.15,0.39538164443959545,0.0024636816117630223,0.39784532605135847
shallow,0.45,4.2,0.3939316019427551,0.002506079258720153,0.39643768120147527
shallow,0.45,4.25,0.39250109213310463,0.0025485244329320465,0.39504961656603665
shallow,0.45,4.3,0.39109008787766986,0.0025910035553896264,0.39368109143305946
shallow,0.45,4.35,0.38969854805412835,0.0026335029107445443,0.3923320509648729
shallow,0.45,4.4,0.3883264181765197,0.002676008654427808,0.3910024268309475
shallow,0.45,4.45,0.3869736310198412,0.002718506819919065,0.3896921378397603
shallow,0.45,4.5,0.38564010724157116,0.0027609833261614458,0.3884010905677326
shallow,0.45,4.55,0.3843257559983108,0.002803423985116694,0.3871291799834275
shallow,0.45,4.6,0.38303047555588104,0.002845814509455141,0.3858762900653362
shallow,0.45,4.65,0.381754153891352,0.002888140520374887,0.38464229441172687
shallow,0.45,4.7,0.38049666928562387,0.0029303875555444087,0.3834270568411683
shallow,0.45,4.75,0.379257890905318,0.0029725410771626504,0.38223043198248063
shallow,0.45,4.8,0.3780376793728641,0.003014586480130459,0.38105226585299456
shallow,0.45,4.8500000000000005,0.37683588732380535,0.0030565091003271335,0.3798923964241325
shallow,0.45,4.9,0.3756523599504596,0.0030982942229856626,0.3787506541734453
shallow,0.45,4.95,0.3744869355311961,0.0031399270911601136,0.37762686262235623
shallow,0.45,5.0,0.3733394459446999,0.0031813929142784888,0.3765208388589784
shallow,0.45,5.05,0.37220971716869977,0.0032226768767742507,0.375432394045474
shallow,0.45,5.1000000000000005,0.3710975697627352,0.003263764146789587,0.3743613339095248
shallow,0.45,5.15,0.37000281933463564,0.00330463988494338,0.37330745921957903
shallow,0.45,5.2,0.3689252769904665,0.003345289253156744,0.37227056624362326
shallow,0.45,5.25,0.3678647497677839,0.00338569742352888,0.3712504471913128
shallow,0.45,5.3,0.3668210410521096,0.0034258495872559283,0.37024689063936556
shallow,0.45,5.3500000000000005,0.36579395097661116,0.0034657309635854052,0.36925968194019654
shallow,0.45,5.4,0.36478327680503303,0.003505326808798723,0.36828860361383176
shallow,0.45,5.45,0.3637888132979821,0.0035446224252142565,0.3673334357231964
shallow,0.45,5.5,0.3628103530627248,0.0035836031702033344,0.36639395623292814
shallow,0.45,5.55,0.3618476868866974,0.003622254465211479,0.36546994135190886
shallow,0.45,5.6000000000000005,0.3609006040549748,0.0036605618047772085,0.364561165859752
shallow,0.45,5.65,0.35996889265197973,0.0036985107655406425,0.36366740341752035
shallow,0.45,5.7,0.359052339847745,0.0037360870152341554,0.36278842686297913
shallow,0.45,5.75,0.35815073216907245,0.0037732763216472807,0.3619240084907197
shallow,0.45,5.8,0.3572638557559548,0.0038100645615580823,0.3610739203175129
shallow,0.45,5.8500000000000005,0.3563914966036467,0.003846437729623198,0.3602379343332699
shallow,0.45,5.9,0.35553344079078875,0.003882381947218768,0.35941582273800754
shallow,0.45,5.95,0.3546894746940029,0.0039178834712244774,0.3586073581652274
shallow,0.45,6.0,0.3538593851893862,0.003952928702742983,0.3578123138921292
shallow,0.45,6.05,0.3530429598413403,0.003987504195747009,0.3570304640370873
shallow,0.45,6.1000000000000005,0.3522399870791771,0.004021596665646443,0.35626158374482353
shallow,0.45,6.15,0.3514502563619459,0.004055192997767837,0.35550544935971373
shallow,0.45,6.2,0.35067355833192787,0.004088280255738754,0.35476183858766663
shallow,0.45,6.25,0.34990968495724223,0.004120845689769474,0.3540305306470117
shallow,0.45,6.3,0.34915842966400723,0.004152876744824671,0.3533113064088319
shallow,0.45,6.3500000000000005,0.34841958745849316,0.004184361068677739,0.3526039485271709
shallow,0.45,6.4,0.347692955039702,0.004215286519840525,0.35190824155954253
shallow,0.45,6.45,0.3469783309027979,0.004245641175361398,0.3512239720781593
shallow,0.45,6.5,0.3462755154338096,0.004275413338484599,0.35055092877229416
shallow,0.45,6.55,0.3455843109960133,0.004304591546164013,0.3498889025421773
shallow,0.45,6.6000000000000005,0.34490452200839783,0.004333164576424592,0.3492376865848224
shallow,0.45,6.65,0.34423595501660365,0.004361121455564806,0.3485970764721685
shallow,0.45,6.7,0.3435784187567152,0.004388451465193654,0.34796687022190886
shallow,0.45,6.75,0.34293172421227813,0.004415144149095874,0.347346868361374
shallow,0.45,6.8,0.34229568466489924,0.004441189319919211,0.34673687398481845
shallow,0.45,6.8500000000000005,0.34167011573877565,0.0044665770656777135,0.34613669280445336
shallow,0.45,6.9,0.3410548354394914,0.004491297756065229,0.3455461331955566
shallow,0.45,6.95,0.34044966418740236,0.004515342048573444,0.3449650062359758
shallow,0.45,7.0,0.3398544248459241,0.00453870089440899,0.3443931257403331
shallow,0.45,7.05,0.3392689427450216,0.004561365544204334,0.34383030828922595
shallow,0.45,7.1000000000000005,0.3386930457001905,0.0045833275535173785,0.34327637325370786
shallow,0.45,7.15,0.33812656402720576,0.004604578788114884,0.34273114281532063
shallow,0.45,7.2,0.3375693305529051,0.004625111429035046,0.34219444198194016
shallow,0.45,7.25,0.33702118062225994,0.004644917977424764,0.3416660985996847
shallow,0.45,7.3,0.336481952101977,0.00466399125914738,0.3411459433611244
shallow,0.45,7.3500000000000005,0.3359514853808652,0.004682324429156863,0.34063380981002206
shallow,0.45,7.4,0.33542962336718574,0.004699910975634656,0.3401295343428204
shallow,0.45,7.45,0.33491621148319994,0.00471674472388565,0.3396329562070856
shallow,0.45,7.5,0.3344110976571143,0.004732819839989948,0.33914391749710426
shallow,0.45,7.55,0.3339141323126148,0.004748130834207376,0.3386622631468222
shallow,0.45,7.6000000000000005,0.3334251683561717,0.0047626725641318896,0.3381878409203036
shallow,0.45,7.65,0.3329440611622881,0.004776440237593317,0.3377205013998814
shallow,0.45,7.7,0.3324706685568561,0.00478942941530409,0.33726009797216017
shallow,0.45,7.75,0.3320048507987742,0.004801636013248899,0.3368064868120231
shallow,0.45,7.8,0.3315464705599752,0.004813056304815453,0.33635952686479065
shallow,0.45,7.8500000000000005,0.33109539290400125,0.004823686922664761,0.335919079826666
shallow,0.45,7.9,0.33065148526325866,0.004833524860339655,0.3354850101235983
shallow,0.45,7.95,0.3302146174150753,0.004842567473610477,0.3350571848886858
shallow,0.45,8.0,0.32978466145667906,0.0048508124815571756,0.3346354739382362
shallow,0.45,8.05,0.32936149177920454,0.004858257967387251,0.3342197497465918
shallow,0.45,8.100000000000001,0.328944985040835,0.004864902378989315,0.3338098874198243
shallow,0.45,8.15,0.3285350201391739,0.00487074452922224,0.33340576466839617
shallow,0.45,8.200000000000001,0.32813147818293903,0.004875783595940156,0.3330072617788792
shallow,0.45,8.250000000000002,0.32773424246306565,0.004880019121753831,0.3326142615848195
shallow,0.45,8.3,0.32734319842329707,0.00488345101352917,0.3322266494368262
shallow,0.45,8.350000000000001,0.32695823363034016,0.004886079541623913,0.33184431317196406
shallow,0.45,8.4,0.32657923774365444,0.004887905338863766,0.3314671430825182
shallow,0.45,8.450000000000001,0.3262061024849423,0.00488892939925956,0.33109503188420186
shallow,0.45,8.500000000000002,0.32583872160740024,0.0048891530764671835,0.33072787468386744
shallow,0.45,8.55,0.3254769908647899,0.004888578081992354,0.3303655689467822
shallow,0.45,8.600000000000001,0.32512080798037996,0.004887206483142513,0.33000801446352246
shallow,0.45,8.65,0.32477007261581203,0.004885040700728352,0.3296551133165404
shallow,0.45,8.700000000000001,0.3244246863399325,0.004882083506517769,0.32930676984645024
shallow,0.45,8.750000000000002,0.32408455259763563,0.004878338020445231,0.32896289061808087
shallow,0.45,8.8,0.3237495766787571,0.0048738077075797725,0.32862338438633687
shallow,0.45,8.850000000000001,0.3234196656870528,0.004868496374855123,0.328288162061908
shallow,0.45,8.9,0.32309472850929905,0.0048624081675655954,0.32795713667686466
shallow,0.45,8.950000000000001,0.3227746757845425,0.004855547565631676,0.32763022335017417
shallow,0.45,9.000000000000002,0.32245941987353033,0.004847919379639394,0.32730733925316974
shallow,0.45,9.05,0.3221488748283454,0.004839528746657798,0.3269884035750032
shallow,0.45,9.100000000000001,0.3218429563622708,0.004830381125839069,0.32667333748810984
shallow,0.45,9.15,0.321541581819905,0.004820482293805945,0.32636206411371094
shallow,0.45,9.200000000000001,0.3212446701475482,0.004809838339831393,0.3260545084873796
shallow,0.45,9.250000000000002,0.32095214186387616,0.004798455660815594,0.32575059752469177
shallow,0.45,9.3,0.3206639190309196,0.004786340956065485,0.3254502599869851
shallow,0.45,9.350000000000001,0.32037992522536196,0.0047735012218823114,0.32515342644724426
shallow,0.45,9.4,0.3201000855101689,0.004759943745962762,0.32486002925613167
shallow,0.45,9.450000000000001,0.3198243264065617,0.004745676101619431,0.32457000250818113
shallow,0.45,9.500000000000002,0.3195525758663443,0.004730706141826492,0.32428328200817075
shallow,0.45,9.55,0.3192847632445916,0.004715041993096651,0.32399980523768823
shallow,0.45,9.600000000000001,0.31902081927270914,0.004698692049195482,0.32371951132190463
shallow,0.45,9.650000000000002,0.31876067603186886,0.004681664964699509,0.3234423409965684
shallow,0.45,9.700000000000001,0.31850426692682743,0.004663969648404378,0.3231682365752318
shallow,0.45,9.750000000000002,0.31825152666013085,0.004645615256589686,0.32289714191672053
shallow,0.45,9.8,0.3180023912067108,0.004626611186147051,0.32262900239285786
shallow,0.45,9.850000000000001,0.3177567977888736,0.0046069670675781774,0.3223637648564518
shallow,0.45,9.900000000000002,0.3175146848516853,0.004586692757869674,0.322101377609555
shallow,0.45,9.950000000000001,0.3172759920387542,0.004565798333251543,0.3218417903720057
shallow,0.45,10.000000000000002,0.31704066016841076,0.004544294081846258,0.321584954250257
shallow,0.45,10.05,0.3168086312102867,0.004522190496215461,0.3213308217065021
shallow,0.45,10.100000000000001,0.31657984826229063,0.004499498265811329,0.32107934652810194
shallow,0.45,10.150000000000002,0.31635425552798196,0.004476228269339732,0.3208304837973217
shallow,0.45,10.200000000000001,0.31613179829433935,0.004452391567042306,0.32058418986138165
shallow,0.45,10.250000000000002,0.31591242290992344,0.004427999392904637,0.32034042230282805
shallow,0.45,10.3,0.3156960767634315,0.004403063146797734,0.3200991399102292
shallow,0.45,10.350000000000001,0.3154827082626403,0.004377594386559999,0.3198603026492003
shallow,0.45,10.400000000000002,0.315272266813736,0.0043516048200269095,0.3196238716337629
shallow,0.45,10.450000000000001,0.3150647028010266,0.0043251062970156165,0.3193898090980422
shallow,0.45,10.500000000000002,0.314859967567034,0.004298110801271639,0.3191580783683056
shallow,0.45,10.55,0.31465801339296173,0.004270630442384853,0.3189286438353466
shallow,0.45,10.600000000000001,0.314458793479535,0.0042426774476818805,0.31870147092721685
shallow,0.45,10.650000000000002,0.314262261928208,0.004214264154102041,0.31847652608231003
shallow,0.45,10.700000000000001,0.3140683737227353,0.004185403000063879,0.31825377672279914
shallow,0.45,10.750000000000002,0.31387708471110093,0.004156106517329304,0.3180331912284302
shallow,0.45,10.8,0.3136883515878038,0.004126387322872321,0.31781473891067613
shallow,0.45,10.850000000000001,0.313502131876491,0.004096258110759192,0.3175983899872502
shallow,0.45,10.900000000000002,0.3133183839129367,0.004065731644046893,0.3173841155569836
shallow,0.45,10.950000000000001,0.31313706682836084,0.004034820746706582,0.3171718875750674
shallow,0.45,11.000000000000002,0.3129581405330829,0.0040035382955787326,0.31696167882866166
shallow,0.45,11.05,0.3127815657005049,0.003971897212366492,0.31675346291287143
shallow,0.45,11.100000000000001,0.3126073037514196,0.003939910455673719,0.3165472142070933
shallow,0.45,11.150000000000002,0.3124353168386383,0.003907591013094074,0.31634290785173236
shallow,0.45,11.200000000000001,0.3122655678319327,0.0038749518933573644,0.31614051972529006
shallow,0.45,11.250000000000002,0.312098020303286,0.0038420061185393027,0.3159400264218253
shallow,0.45,11.3,0.311932638512448,0.0038087667163406664,0.3157414052287887
shallow,0.45,11.350000000000001,0.3117693873927889,0.0037752467124417175,0.31554463410523065
shallow,0.45,11.400000000000002,0.3116082325374469,0.003741459122937632,0.3153496916603845
shallow,0.45,11.450000000000001,0.31144914018576353,0.003707416946860537,0.3151565571326241
shallow,0.45,11.500000000000002,0.3112920772100028,0.003673133158793582,0.3149652103687964
shallow,0.45,11.55,0.31113701110234765,0.003638620701582398,0.31477563180393003
shallow,0.45,11.600000000000001,0.31098390996217,0.0036038924791490312,0.31458780244131906
shallow,0.45,11.650000000000002,0.3108327424835681,0.0035689613494134026,0.31440170383298155
shallow,0.45,11.700000000000001,0.3106834779431666,0.0035338401173270924,0.3142173180604937
shallow,0.45,11.750000000000002,0.3105360861881746,0.003498541528024112,0.31403462771619867
shallow,0.45,11.8,0.31039053762469615,0.0034630782600932014,0.3138536158847893
shallow,0.45,11.850000000000001,0.31024680320628917,0.0034274629189759253,0.3136742661252651
shallow,0.45,11.900000000000002,0.3101048544227666,0.0033917080304947758,0.31349656245326135
shallow,0.45,11.950000000000001,0.30996466328923616,0.0033558260345152163,0.3133204893237514
shallow,0.45,12.000000000000002,0.3098262023353739,0.0033198292787454844,0.31314603161411936
shallow,0.45,12.05,0.3096894445949255,0.00328373001267778,0.31297317460760327
shallow,0.45,12.100000000000001,0.3095543635954329,0.0032475403816742414,0.31280190397710717
shallow,0.45,12.150000000000002,0.30942093334817994,0.003211272421200994,0.31263220576938094
shallow,0.45,12.200000000000001,0.3092891283383529,0.0031749380512133087,0.31246406638956625
shallow,0.45,12.250000000000002,0.3091589235154122,0.0031385490706947496,0.31229747258610696
shallow,0.45,12.3,0.3090302942836701,0.00310211715235302,0.31213241143602316
shallow,0.45,12.350000000000001,0.3089032164930706,0.0030656538374749663,0.3119688703305456
shallow,0.45,12.400000000000002,0.3087776664301669,0.0030291705309430906,0.31180683696111
shallow,0.45,12.450000000000001,0.308653620809293,0.0029926784964156615,0.31164629930570864
shallow,0.45,12.500000000000002,0.3085310567639241,0.002956188851672365,0.3114872456155965
shallow,0.45,12.55,0.30840995183822373,0.002919712564127247,0.311329664402351
shallow,0.45,12.600000000000001,0.3082902839787712,0.002883260446510482,0.31117354442528167
shallow,0.45,12.650000000000002,0.30817203152646727,0.0028468431527203567,0.31101887467918765
shallow,0.45,12.700000000000001,0.30805517320861453,0.002810471173846623,0.31086564438246117
shallow,0.45,12.750000000000002,0.30793968813116696,0.002774154834366236,0.31071384296553317
shallow,0.45,12.8,0.3078255557711462,0.0027379042885122846,0.31056346005965846
shallow,0.45,12.850000000000001,0.30771275596922104,0.0027017295168167287,0.3104144854860378
shallow,0.45,12.900000000000002,0.3076012689224467,0.0026656403228274114,0.3102669092452741
shallow,0.45,12.950000000000001,0.3074910751771589,0.002629646329999604,0.3101207215071585
shallow,0.45,13.000000000000002,0.30738215562202126,0.0025937569787621746,0.30997591260078344
shallow,0.45,13.05,0.3072744914812223,0.002557981523758328,0.3098324730049806
shallow,0.45,13.100000000000001,0.3071680643078175,0.002522329031260619,0.3096903933390781
shallow,0.45,13.150000000000002,0.30706285597721455,0.002486808376759875,0.3095496643539744
shallow,0.45,13.200000000000001,0.30695884868079837,0.0024514282427274027,0.3094102769235258
shallow,0.45,13.250000000000002,0.30685602491969244,0.002416197116549754,0.3092722220362422
shallow,0.45,13.3,0.30675436749865376,0.002381123288635152,0.3091354907872889
shallow,0.45,13.350000000000001,0.30665385952009844,0.002346214850690492,0.3090000743707889
shallow,0.45,13.400000000000002,0.30655448437825483,0.0023114796941677484,0.30886596407242256
shallow,0.45,13.450000000000001,0.30645622575344234,0.0022769255088783856,0.3087331512623207
shallow,0.45,13.500000000000002,0.30635906760647086,0.0022425597817742975,0.30860162738824515
shallow,0.45,13.55,0.3062629941731611,0.0022083897958936356,0.30847138396905477
shallow,0.45,13.600000000000001,0.30616798995898103,0.0021744226294697186,0.30834241258845074
shallow,0.45,13.650000000000002,0.30607403973379665,0.0021406651552011557,0.3082147048889978
shallow,0.45,13.700000000000001,0.30598112852673426,0.0021071240396811036,0.30808825256641537
shallow,0.45,13.750000000000002,0.305889241621152,0.0020738057429835234,0.30796304736413554
shallow,0.45,13.8,0.3057983645497181,0.0020407165184041535,0.30783908106812224
shallow,0.45,13.850000000000001,0.3057084830895938,0.002007862412353789,0.3077163455019476
shallow,0.45,13.900000000000002,0.3056195832577178,0.001975249264401397,0.3075948325221192
shallow,0.45,13.950000000000001,0.30553165130619075,0.0019428827074644125,0.30747453401365515
shallow,0.45,14.000000000000002,0.3054446737177576,0.0019107681681435498,0.30735544188590114
shallow,0.45,14.05,0.30535863720138434,0.001878910867199311,0.30723754806858367
shallow,0.45,14.100000000000001,0.30527352868792934,0.001847315820167276,0.3071208445080966
shallow,0.45,14.150000000000002,0.30518933532590486,0.001815987838109231,0.3070053231640141
shallow,0.45,14.200000000000001,0.3051060444773282,0.0017849315284970456,0.30689097600582527
shallow,0.45,14.250000000000002,0.30502364371365925,0.0017541512962261669,0.30677779500988545
shallow,0.45,14.3,0.3049421208118247,0.0017236513447555378,0.30666577215658025
shallow,0.45,14.350000000000001,0.3048614637503243,0.001693435677370632,0.3065548994276949
shallow,0.45,14.400000000000002,0.3047816607054186,0.0016635080985663137,0.3064451688039849
shallow,0.45,14.450000000000001,0.3047027000473976,0.0016338722155460807,0.30633657226294364
shallow,0.45,14.500000000000002,0.30462457033692536,0.0016045314398342794,0.30622910177675966
shallow,0.45,14.55,0.3045472603214625,0.0015754889889977952,0.3061227493104603
shallow,0.45,14.600000000000001,0.30447075893176245,0.0015467478884736631,0.3060175068202361
shallow,0.45,14.650000000000002,0.30439505527844,0.0015183109734990576,0.3059133662519391
shallow,0.45,14.700000000000001,0.3043201386486119,0.0014901808911400314,0.30581031953975196
shallow,0.45,14.750000000000002,0.3042459985026064,0.001462360102415383,0.3057083586050218
shallow,0.45,14.8,0.3041726244707414,0.0014348508845120026,0.3056074753552534
shallow,0.45,14.850000000000001,0.3041000063501685,0.001407655333088001,0.3055076616832565
shallow,0.45,14.900000000000002,0.3040281341017828,0.0013807753646599612,0.3054089094664428
shallow,0.45,14.950000000000001,0.3039569978471956,0.001354212719070588,0.3053112105662662
shallow,0.45,15.000000000000002,0.3038865878657701,0.00132796896203306,0.3052145568278032
shallow,0.45,15.05,0.3038168945917171,0.0013020454877483878,0.3051189400794655
shallow,0.45,15.100000000000001,0.3037479086112513,0.001276443521592056,0.30502435213284335
shallow,0.45,15.150000000000002,0.3036796206598042,0.00125116412286627,0.30493078478267044
shallow,0.45,15.200000000000001,0.3036120216192955,0.0012262081876141106,0.3048382298069096
shallow,0.45,15.250000000000002,0.3035451025154593,0.001201576451491925,0.30474667896695123
shallow,0.45,15.3,0.3034788545152249,0.0011772694926963187,0.3046561240079212
shallow,0.45,15.350000000000001,0.3034132689241505,0.0011532877349420877,0.3045665566590926
shallow,0.45,15.400000000000002,0.3033483371839097,0.0011296314504875248,0.3044779686343972
shallow,0.45,15.450000000000001,0.3032840508698281,0.0011063007632034889,0.30439035163303163
shallow,0.45,15.500000000000002,0.30322040168847053,0.0010832956516827169,0.3043036973401532
shallow,0.45,15.55,0.3031573814752756,0.0010606159523858737,0.3042179974276615
shallow,0.45,15.600000000000001,0.3030949821922398,0.001038261362820855,0.30413324355506066
shallow,0.45,15.650000000000002,0.3030331959256467,0.0010162314447519406,0.30404942737039864
shallow,0.45,15.700000000000001,0.3029720148838419,0.0009945256274354057,0.3039665405112773
shallow,0.45,15.750000000000002,0.3029114313950538,0.0009731432108782537,0.30388457460593205
shallow,0.45,15.8,0.3028514379052559,0.0009520833691168138,0.30380352127437277
shallow,0.45,15.850000000000001,0.3027920269760739,0.0009313451535119423,0.30372337212958583
shallow,0.45,15.900000000000002,0.3027331912827329,0.0009109274960576892,0.3036441187787906
shallow,0.45,15.950000000000001,0.3026749236120464,0.0008908292127002883,0.3035657528247467
shallow,0.45,16.0,0.3026172168604448,0.0008710490066644329,0.30348826586710925
shallow,0.45,16.05,0.30256006403204316,0.0008515854717838434,0.303411649503827
shallow,0.45,16.1,0.3025034582367471,0.0008324370958331971,0.3033358953325803
shallow,0.45,16.150000000000002,0.3024473926883962,0.0008136022638585548,0.3032609949522548
shallow,0.45,16.200000000000003,0.30239186070294377,0.0007950792615034989,0.3031869399644473
shallow,0.45,16.25,0.30233685569667296,0.0007768662783282523,0.3031137219750012
shallow,0.45,16.3,0.30228237118444695,0.0007589614111191211,0.3030413325955661
shallow,0.45,16.35,0.30222840077799484,0.0007413626671856926,0.30296976344518056
shallow,0.45,16.400000000000002,0.3021749381842297,0.0007240679676432627,0.30289900615187293
shallow,0.45,16.450000000000003,0.3021219772036002,0.0007070751506780675,0.30282905235427826
shallow,0.45,16.5,0.3020695117284742,0.0006903819747929582,0.3027598937032671
shallow,0.45,16.55,0.30201753574155416,0.0006739861220312327,0.3026915218635854
shallow,0.45,16.6,0.3019660433143224,0.000657885201176425,0.30262392851549885
shallow,0.45,16.650000000000002,0.30191502860551755,0.0006420767509259149,0.3025571053564435
shallow,0.45,16.700000000000003,0.30186448585963976,0.0006265582430363037,0.3024910441026761
shallow,0.45,16.75,0.301814409405485,0.000611327085438599,0.3024257364909236
shallow,0.45,16.8,0.30176479365470776,0.0005963806253212898,0.30236117428002907
shallow,0.45,16.85,0.3017156331004111,0.0005817161521795258,0.3022973492525906
shallow,0.45,16.900000000000002,0.3016669223157639,0.0005673309008286302,0.30223425321659253
shallow,0.45,16.950000000000003,0.3016186559526448,0.000553222054380317,0.3021718780070251
shallow,0.45,17.0,0.3015708287403116,0.0005393867471800129,0.3021102154874916
shallow,0.45,17.05,0.30152343548409666,0.000525822067703793,0.30204925755180045
shallow,0.45,17.1,0.3014764710641263,0.000512525061413507,0.3019889961255398
shallow,0.45,17.150000000000002,0.3014299304340658,0.0004994927335687442,0.30192942316763455
shallow,0.45,17.200000000000003,0.30138380861988684,0.0004867220519943714,0.3018705306718812
shallow,0.45,17.25,0.30133810071865913,0.0004742099498024605,0.3018123106684616
shallow,0.45,17.3,0.30129280189736485,0.0004619533280674682,0.3017547552254323
shallow,0.45,17.35,0.3012479073917349,0.000449949058453664,0.3016978564501886
shallow,0.45,17.400000000000002,0.3012034125051076,0.0004381939857937973,0.30164160649090144
shallow,0.45,17.450000000000003,0.30115931260730894,0.00042668493061814736,0.3015859975379271
shallow,0.45,17.5,0.3011156031335529,0.00041541869163311295,0.30153102182518604
shallow,0.45,17.55,0.3010722795833634,0.0004043920481486077,0.30147667163151204
shallow,0.45,17.6,0.301029337519516,0.000393601762453576,0.30142293928196956
shallow,0.45,17.650000000000002,0.300986772566999,0.0003830445821390252,0.301369817149138
shallow,0.45,17.700000000000003,0.3009445804119944,0.0003727172423680284,0.30131729765436244
shallow,0.45,17.75,0.30090275680087736,0.0003626164680922343,0.30126537326896957
shallow,0.45,17.8,0.3008612975392346,0.0003527389762144627,0.30121403651544904
shallow,0.45,17.85,0.30082019849090014,0.0003430814776970629,0.3011632799685972
shallow,0.45,17.900000000000002,0.3007794555770103,0.0003336406796157294,0.301113096256626
shallow,0.45,17.950000000000003,0.30073906477507445,0.00032441328715857894,0.30106347806223305
shallow,0.45,18.0,0.3006990221180638,0.00031539600557031414,0.3010144181236341
shallow,0.45,18.05,0.300659323693517,0.0003065855420413827,0.3009659092355584
shallow,0.45,18.1,0.3006199656426613,0.0002979786075420854,0.3009179442502034
shallow,0.45,18.150000000000002,0.30058094415955083,0.0002895719186016455,0.30087051607815246
shallow,0.45,18.200000000000003,0.30054225549021935,0.00028136219903230204,0.30082361768925164
shallow,0.45,18.25,0.30050389593184984,0.00027334618159855373,0.3007772421134484
shallow,0.45,18.3,0.3004658618319581,0.00026552060963170795,0.3007313824415898
shallow,0.45,18.35,0.30042814958759123,0.00025788223858997354,0.3006860318261812
shallow,0.45,18.400000000000002,0.3003907556445413,0.00025042783756433625,0.30064118348210567
shallow,0.45,18.450000000000003,0.30035367649657246,0.00024315419073055115,0.30059683068730303
shallow,0.45,18.5,0.3003169086846626,0.00023605809874758951,0.3005529667834102
shallow,0.45,18.55,0.30028044879625765,0.00022913638010294514,0.3005095851763606
shallow,0.45,18.6,0.30024429346454085,0.00022238587240523767,0.3004666793369461
shallow,0.45,18.650000000000002,0.3002084393677135,0.0002158034336245838,0.3004242428013381
shallow,0.45,18.700000000000003,0.3001728832282895,0.00020938594328125197,0.30038226917157074
shallow,0.45,18.75,0.3001376218124021,0.00020313030358315277,0.30034075211598527
shallow,0.45,18.8,0.3001026519291233,0.00019703344051273861,0.300299685369636
mantle,0.45,0.05,0.547932295224204,2.8376979949756074e-05,0.5479606722041537
mantle,0.45,0.1,0.5462951299568997,5.7631612003681285e-05,0.5463527615689033
mantle,0.45,0.15000000000000002,0.544639173211317,8.777330685526986e-05,0.5447269465181723
mantle,0.45,0.2,0.5429646048296031,0.00011881122322658962,0.5430834160528296
mantle,0.45,0.25,0.5412716256134517,0.00015075425720553016,0.5414223798706572
mantle,0.45,0.3,0.5395604577004158,0.00018361103158098306,0.5397440687319968
mantle,0.45,0.35000000000000003,0.5378313448990759,0.00021738988518524017,0.5380487347842612
mantle,0.45,0.4,0.536084552979783,0.0002520988622530517,0.536336651842036
mantle,0.45,0.45,0.5343203699177671,0.0002877457018069455,0.534608115619574
mantle,0.45,0.5,0.5325391060854756,0.00032433782707853935,0.5328634439125541
mantle,0.45,0.55,0.5307410943911249,0.0003618823349757264,0.5311029767261006
mantle,0.45,0.6000000000000001,0.5289266903605904,0.00040038598560573067,0.5293270763461961
mantle,0.45,0.6500000000000001,0.5270962721599234,0.0004398551918641504,0.5275361273517876
mantle,0.45,0.7000000000000001,0.5252502405559946,0.0004802960091002166,0.5257305365650948
mantle,0.45,0.7500000000000001,0.5233890188129767,0.000521714124868588,0.5239107329378453
mantle,0.45,0.8,0.5215130525226489,0.0005641148487780995,0.522077167371427
mantle,0.45,0.8500000000000001,0.5196228093667814,0.0006075031024479472,0.5202303124692294
mantle,0.45,0.9000000000000001,0.5177187788101739,0.0006518834095818815,0.5183706622197558
mantle,0.45,0.9500000000000001,0.5158014717232543,0.0006972598861710085,0.5164987316094253
mantle,0.45,1.0,0.5138714199335075,0.0007436362308358812,0.5146150561643433
mantle,0.45,1.05,0.5119291757053808,0.0007910157153185639,0.5127201914206994
mantle,0.45,1.1,0.5099753111487105,0.0008394011751353983,0.5108147123238459
mantle,0.45,1.1500000000000001,0.5080104175561333,0.0008887950004012096,0.5088992125565345
mantle,0.45,1.2000000000000002,0.5060351046703642,0.0009391991268356822,0.5069743037971999
mantle,0.45,1.2500000000000002,0.5040499998826611,0.0009906150269626335,0.5050406149096237
mantle,0.45,1.3,0.502055747364235,0.001043043701512887,0.5030987910657478
mantle,0.45,1.35,0.5000530071327988,0.00109648567104141,0.5011494928038401
mantle,0.45,1.4000000000000001,0.4980424540568885,0.0011509409677693283,0.49919339502465787
mantle,0.45,1.4500000000000002,0.49602477680100965,0.001206409127661387,0.49723118592867105
mantle,0.45,1.5000000000000002,0.4940006767150817,0.001262889182749328,0.495263565897831
mantle,0.45,1.55,0.49197086667204454,0.001320379653711592,0.4932912463257561
mantle,0.45,1.6,0.4899360698578682,0.0013788785427196386,0.4913149484005878
mantle,0.45,1.6500000000000001,0.48789701851855577,0.0014383833265610693,0.4893354018451168
mantle,0.45,1.7000000000000002,0.485854452669047,0.0014988909500496263,0.4873533436190966
mantle,0.45,1.7500000000000002,0.48380911876921834,0.0015603978197319768,0.48536951658895033
mantle,0.45,1.8,0.4817617683724227,0.001622899797901068,0.4833846681703238
mantle,0.45,1.85,0.4797131567522234,0.001686392196925659,0.4813995489491491
mantle,0.45,1.9000000000000001,0.4776640415131419,0.0017508697739054598,0.4794149112870474
mantle,0.45,1.9500000000000002,0.47561518119136537,0.0018163267256611204,0.4774315079170265
mantle,0.45,2.0,0.473567333851435,0.0018827566840681164,0.47545009053550313
mantle,0.45,2.05,0.47152125568497005,0.001950152711743351,0.4734714083967134
mantle,0.45,2.1,0.469477699617463,0.0020185072980930634,0.47149620691555605
mantle,0.45,2.15,0.46743741392912325,0.0020878123557304088,0.46952522628485366
mantle,0.45,2.1999999999999997,0.4654011408956344,0.0021580592172708085,0.4675592001129052
mantle,0.45,2.25,0.4633696154545382,0.002229238632512904,0.4655988540870511
mantle,0.45,2.3,0.46134356390276404,0.002301340766012662,0.4636449046687767
mantle,0.45,2.35,0.45932370263058236,0.0023743551950579193,0.4616980578256403
mantle,0.45,2.4,0.45731073689698987,0.0024482709080503144,0.4597590078050402
mantle,0.45,2.45,0.4553053596512236,0.0025230763033012604,0.4578284359545249
mantle,0.45,2.5,0.45330825040476197,0.0025987591882482845,0.4559070095930103
mantle,0.45,2.55,0.451320074157804,0.002675306779097732,0.4539953809369017
mantle,0.45,2.6,0.4493414803838282,0.002752705700899463,0.4520941860847277
mantle,0.45,2.65,0.44737310207542574,0.0028309419880588357,0.4502040440634846
mantle,0.45,2.7,0.44541555485417805,0.002910001085290888,0.44832555593946893
mantle,0.45,2.75,0.44346943614691803,0.002989867849021265,0.4464593039959393
mantle,0.45,2.8,0.4415353244302769,0.0030705265492380297,0.4446058509795149
mantle,0.45,2.85,0.43961377854497835,0.003151960871798125,0.4427657394167765
mantle,0.45,2.9,0.4377053370809074,0.0032341539211918273,0.4409394910020992
mantle,0.45,2.95,0.435810517833552,0.0033170882237681313,0.43912760605732015
mantle,0.45,3.0,0.4339298173319973,0.0034007457314235755,0.4373305630634209
mantle,0.45,3.05,0.43206371043824987,0.003485107825756607,0.4355488182640065
mantle,0.45,3.1,0.43021265001728065,0.003570155322689106,0.43378280533996977
mantle,0.45,3.15,0.42837706667681164,0.0036558684775563023,0.4320329351543679
mantle,0.45,3.2,0.42655736857552473,0.0037422269906658145,0.4302995955661906
mantle,0.45,3.25,0.4247539412980541,0.0038292100133261436,0.42858315131138025
mantle,0.45,3.3,0.4229671477948285,0.003916796154344414,0.42688394394917295
mantle,0.45,3.35,0.4211973283845654,0.0040049634869927814,0.4252022918715582
mantle,0.45,3.4,0.41944480081698055,0.004093689556442384,0.42353849037342295
mantle,0.45,3.45,0.41770986039306884,0.004182951387663274,0.4218928117807321
mantle,0.45,3.5,0.4159927801401312,0.004272725493788306,0.4202655056339195
mantle,0.45,3.55,0.4142938110385746,0.004362987884938418,0.41865679892351304
mantle,0.45,3.6,0.4126131822973864,0.004453714077506341,0.41706689637489275
mantle,0.45,3.65,0.41095110167509324,0.004544879103895232,0.41549598077898847
mantle,0.45,3.7,0.40930775584294476,0.0046364575227082665,0.413944213365653
mantle,0.45,3.75,0.4076833107870219,0.004728423429384745,0.41241173421640664
mantle,0.45,3.8,0.4060779122459516,0.004820750467277754,0.41089866271322933
mantle,0.45,3.85,0.40449168618091363,0.004913411839168023,0.4094050980200817
mantle,0.45,3.9,0.40292473927465483,0.005006380319207996,0.4079311195938628
mantle,0.45,3.95,0.4013771594562669,0.005099628265289836,0.4064767877215567
mantle,0.45,4.0,0.39984901644855236,0.00519312763183045,0.4050421440803828
mantle,0.45,4.05,0.39834036233488035,0.005286849982966228,0.4036272123178466
mantle,0.45,4.1,0.3968512321425259,0.005380766506149732,0.4022319986486756
mantle,0.45,4.15,0.39538164443959545,0.005474848026140049,0.4008564924657355
mantle,0.45,4.2,0.3939316019427551,0.005569065019378118,0.3995006669621332
mantle,0.45,4.25,0.39250109213310463,0.005663387628737881,0.3981644797618425
mantle,0.45,4.3,0.39109008787766986,0.005757785678643614,0.39684787355631346
mantle,0.45,4.35,0.38969854805412835,0.005852228690543432,0.39555077674467176
mantle,0.45,4.4,0.3883264181765197,0.0059466858987284625,0.3942731040752482
mantle,0.45,4.45,0.3869736310198412,0.006041126266486811,0.393014757286328
mantle,0.45,4.5,0.38564010724157116,0.00613551850258099,0.39177562574415215
mantle,0.45,4.55,0.3843257559983108,0.006229831078037098,0.3905555870763479
mantle,0.45,4.6,0.38303047555588104,0.006324032243233647,0.3893545077991147
mantle,0.45,4.65,0.381754153891352,0.006418090045277526,0.3881722439366295
mantle,0.45,4.7,0.38049666928562387,0.006511972345654242,0.3870086416312781
mantle,0.45,4.75,0.379257890905318,0.006605646838139223,0.3858635377434572
mantle,0.45,4.8,0.3780376793728641,0.006699081066956576,0.3847367604398207
mantle,0.45,4.8500000000000005,0.37683588732380535,0.006792242445171408,0.38362812976897676
mantle,0.45,4.9,0.3756523599504596,0.006885098273301473,0.38253745822376106
mantle,0.45,4.95,0.3744869355311961,0.006977615758133586,0.3814645512893297
mantle,0.45,5.0,0.3733394459446999,0.007069762031729975,0.3804092079764299
mantle,0.45,5.05,0.37220971716869977,0.007161504170609446,0.37937122133930923
mantle,0.45,5.1000000000000005,0.3710975697627352,0.0072528092150879716,0.3783503789778232
mantle,0.45,5.15,0.37000281933463564,0.007343644188763067,0.3773464635233987
mantle,0.45,5.2,0.3689252769904665,0.007433976118126098,0.3763592531085926
mantle,0.45,5.25,0.3678647497677839,0.0075237720522864,0.37538852182007026
mantle,0.45,5.3,0.3668210410521096,0.007612999082790952,0.37443404013490056
mantle,0.45,5.3500000000000005,0.36579395097661116,0.007701624363523123,0.3734955753401343
mantle,0.45,5.4,0.36478327680503303,0.0077896151306638284,0.37257289193569687
mantle,0.45,5.45,0.3637888132979821,0.007876938722698347,0.3716657520206805
mantle,0.45,5.5,0.3628103530627248,0.007963562600451854,0.37077391566317663
mantle,0.45,5.55,0.3618476868866974,0.008049454367136619,0.369897141253834
mantle,0.45,5.6000000000000005,0.3609006040549748,0.008134581788393797,0.3690351858433686
mantle,0.45,5.65,0.35996889265197973,0.008218912812312539,0.36818780546429225
mantle,0.45,5.7,0.359052339847745,0.008302415589409234,0.36735475543715423
mantle,0.45,5.75,0.35815073216907245,0.008385058492549512,0.36653579066162195
mantle,0.45,5.8,0.3572638557559548,0.008466810136795738,0.36573066589275055
mantle,0.45,5.8500000000000005,0.3563914966036467,0.008547639399162662,0.36493913600280936
mantle,0.45,5.9,0.35553344079078875,0.00862751543826393,0.3641609562290527
mantle,0.45,5.95,0.3546894746940029,0.008706407713832172,0.3633958824078351
mantle,0.45,6.0,0.3538593851893862,0.008784286006095519,0.36264367119548174
mantle,0.45,6.05,0.3530429598413403,0.008861120434993354,0.3619040802763337
mantle,0.45,6.1000000000000005,0.3522399870791771,0.008936881479214318,0.36117686855839143
mantle,0.45,6.15,0.3514502563619459,0.009011539995039638,0.3604617963569855
mantle,0.45,6.2,0.35067355833192787,0.009085067234975009,0.35975862556690286
mantle,0.45,6.25,0.34990968495724223,0.009157434866154387,0.3590671198233966
mantle,0.45,6.3,0.34915842966400723,0.00922861498849927,0.3583870446525065
mantle,0.45,6.3500000000000005,0.34841958745849316,0.009298580152617197,0.35771816761111036
mantle,0.45,6.4,0.347692955039702,0.009367303377423388,0.35706025841712535
mantle,0.45,6.45,0.3469783309027979,0.009434758167469772,0.35641308907026764
mantle,0.45,6.5,0.3462755154338096,0.009500918529965777,0.35577643396377534
mantle,0.45,6.55,0.3455843109960133,0.009565758991475585,0.3551500699874889
mantle,0.45,6.6000000000000005,0.34490452200839783,0.009629254614276871,0.3545337766226747
mantle,0.45,6.65,0.34423595501660365,0.009691381012366235,0.35392733602896986
mantle,0.45,6.7,0.3435784187567152,0.009752114367097008,0.3533305331238122
mantle,0.45,6.75,0.34293172421227813,0.009811431442435275,0.3527431556547134
mantle,0.45,6.8,0.34229568466489924,0.009869309599820469,0.3521649942647197
mantle,0.45,6.8500000000000005,0.34167011573877565,0.009925726812617141,0.3515958425513928
mantle,0.45,6.9,0.3410548354394914,0.009980661680144953,0.35103549711963633
mantle,0.45,6.95,0.34044966418740236,0.01003409344127432,0.3504837576286767
mantle,0.45,7.0,0.3398544248459241,0.010086001987575532,0.34994042683349963
mantle,0.45,7.05,0.3392689427450216,0.01013636787600963,0.34940531062103125
mantle,0.45,7.1000000000000005,0.3386930457001905,0.01018517234114973,0.3488782180413402
mantle,0.45,7.15,0.33812656402720576,0.010232397306921964,0.3483589613341277
mantle,0.45,7.2,0.3375693305529051,0.010278025397855656,0.3478473559507608
mantle,0.45,7.25,0.33702118062225994,0.010322039949832808,0.34734322057209277
mantle,0.45,7.3,0.336481952101977,0.01036442502032751,0.34684637712230454
mantle,0.45,7.3500000000000005,0.3359514853808652,0.010405165398126361,0.3463566507789916
mantle,0.45,7.4,0.33542962336718574,0.010444246612521458,0.3458738699797072
mantle,0.45,7.45,0.33491621148319994,0.010481654941968111,0.34539786642516807
mantle,0.45,7.5,0.3344110976571143,0.010517377422199884,0.3449284750793142
mantle,0.45,7.55,0.3339141323126148,0.010551401853794167,0.34446553416640896
mantle,0.45,7.6000000000000005,0.3334251683561717,0.010583716809181977,0.34400888516535366
mantle,0.45,7.65,0.3329440611622881,0.01061431163909626,0.34355837280138435
mantle,0.45,7.7,0.3324706685568561,0.010643176478453533,0.3431138450353096
mantle,0.45,7.75,0.3320048507987742,0.01067030225166422,0.3426751530504384
mantle,0.45,7.8,0.3315464705599752,0.010695680677367673,0.34224215123734286
mantle,0.45,7.8500000000000005,0.33109539290400125,0.010719304272588359,0.34181469717658963
mantle,0.45,7.9,0.33065148526325866,0.010741166356310344,0.341392651619569
mantle,0.45,7.95,0.3302146174150753,0.010761261052467726,0.340975878467543
mantle,0.45,8.0,0.32978466145667906,0.010779583292349279,0.34056424474902836
mantle,0.45,8.05,0.32936149177920454,0.010796128816416114,0.34015762059562066
mantle,0.45,8.100000000000001,0.328944985040835,0.01081089417553181,0.33975587921636685
mantle,0.45,8.15,0.3285350201391739,0.010823876731604976,0.33935889687077886
mantle,0.45,8.200000000000001,0.32813147818293903,0.01083507465764479,0.3389665528405838
mantle,0.45,8.250000000000002,0.32773424246306565,0.010844486937230736,0.3385787294002964
mantle,0.45,8.3,0.32734319842329707,0.010852113363398157,0.3381953117866952
mantle,0.45,8.350000000000001,0.32695823363034016,0.010857954536942029,0.3378161881672822
mantle,0.45,8.4,0.32657923774365444,0.010862011864141702,0.33744124960779615
mantle,0.45,8.450000000000001,0.3262061024849423,0.010864287553910132,0.3370703900388524
mantle,0.45,8.500000000000002,0.32583872160740024,0.010864784614371518,0.33670350622177175
mantle,0.45,8.55,0.3254769908647899,0.010863506848871898,0.33634049771366176
mantle,0.45,8.600000000000001,0.32512080798037996,0.010860458851427807,0.33598126683180773
mantle,0.45,8.65,0.32477007261581203,0.010855646001618561,0.33562571861743057
mantle,0.45,8.700000000000001,0.3244246863399325,0.010849074458928376,0.33527376079886084
mantle,0.45,8.750000000000002,0.32408455259763563,0.010840751156544957,0.3349253037541806
mantle,0.45,8.8,0.3237495766787571,0.010830683794621716,0.3345802604733788
mantle,0.45,8.850000000000001,0.3234196656870528,0.010818880833011383,0.3342385465200642
mantle,0.45,8.9,0.32309472850929905,0.0108053514834791,0.33390007999277815
mantle,0.45,8.950000000000001,0.3227746757845425,0.010790105701403725,0.3335647814859462
mantle,0.45,9.000000000000002,0.32245941987353033,0.01077315417697643,0.33323257405050677
mantle,0.45,9.05,0.3221488748283454,0.010754508325906218,0.33290338315425166
mantle,0.45,9.100000000000001,0.3218429563622708,0.010734180279642376,0.3325771366419132
mantle,0.45,9.15,0.321541581819905,0.010712182875124321,0.3322537646950293
mantle,0.45,9.200000000000001,0.3212446701475482,0.010688529644069763,0.33193319979161795
mantle,0.45,9.250000000000002,0.32095214186387616,0.010663234801812431,0.3316153766656886
mantle,0.45,9.3,0.3206639190309196,0.010636313235701076,0.3313002322666207
mantle,0.45,9.350000000000001,0.32037992522536196,0.010607780493071803,0.3309877057184338
mantle,0.45,9.4,0.3201000855101689,0.010577652768806138,0.330677738278975
mantle,0.45,9.450000000000001,0.3198243264065617,0.010545946892487622,0.33037027329904933
mantle,0.45,9.500000000000002,0.3195525758663443,0.010512680315169982,0.3300652561815143
mantle,0.45,9.55,0.3192847632445916,0.010477871095770334,0.3297626343403619
mantle,0.45,9.600000000000001,0.31902081927270914,0.01044153788710107,0.3294623571598102
mantle,0.45,9.650000000000002,0.31876067603186886,0.010403699921554464,0.32916437595342335
mantle,0.45,9.700000000000001,0.31850426692682743,0.010364376996454174,0.3288686439232816
mantle,0.45,9.750000000000002,0.31825152666013085,0.01032358945908819,0.328575116119219
mantle,0.45,9.8,0.3180023912067108,0.01028135819143789,0.3282837493981487
mantle,0.45,9.850000000000001,0.3177567977888736,0.010237704594618171,0.32799450238349176
mantle,0.45,9.900000000000002,0.3175146848516853,0.01019265057304372,0.327707335424729
mantle,0.45,9.950000000000001,0.3172759920387542,0.010146218518336761,0.3274222105570909
mantle,0.45,10.000000000000002,0.31704066016841076,0.010098431292991684,0.32713909146140246
mantle,0.45,10.05,0.3168086312102867,0.010049312213812134,0.3268579434240988
mantle,0.45,10.100000000000001,0.31657984826229063,0.009998885035136285,0.3265787332974269
mantle,0.45,10.150000000000002,0.31635425552798196,0.00994717393186607,0.326301429459848
mantle,0.45,10.200000000000001,0.31613179829433935,0.009894203482316236,0.3260260017766556
mantle,0.45,10.250000000000002,0.31591242290992344,0.009839998650899193,0.3257524215608226
mantle,0.45,10.3,0.3156960767634315,0.00978458477066163,0.3254806615340931
mantle,0.45,10.350000000000001,0.3154827082626403,0.009727987525688885,0.3252106957883292
mantle,0.45,10.400000000000002,0.315272266813736,0.009670232933393131,0.32494249974712913
mantle,0.45,10.450000000000001,0.3150647028010266,0.00961134732670137,0.324676050127728
mantle,0.45,10.500000000000002,0.314859967567034,0.009551357336159198,0.3244113249031932
mantle,0.45,10.55,0.31465801339296173,0.009490289871966338,0.32414830326492805
mantle,0.45,10.600000000000001,0.314458793479535,0.009428172105959734,0.32388696558549473
mantle,0.45,10.650000000000002,0.314262261928208,0.00936503145356009,0.3236272933817681
mantle,0.45,10.700000000000001,0.3140683737227353,0.009300895555697509,0.3233692692784328
mantle,0.45,10.750000000000002,0.31387708471110093,0.009235792260731786,0.3231128769718327
mantle,0.45,10.8,0.3136883515878038,0.009169749606382937,0.32285810119418673
mantle,0.45,10.850000000000001,0.313502131876491,0.009102795801687092,0.3226049276781781
mantle,0.45,10.900000000000002,0.3133183839129367,0.009034959208993094,0.3223533431219298
mantle,0.45,10.950000000000001,0.31313706682836084,0.008966268326014626,0.32210333515437545
mantle,0.45,11.000000000000002,0.3129581405330829,0.00889675176795274,0.32185489230103564
mantle,0.45,11.05,0.3127815657005049,0.008826438249703314,0.3216080039502082
mantle,0.45,11.100000000000001,0.3126073037514196,0.008755356568163819,0.32136266031958344
mantle,0.45,11.150000000000002,0.3124353168386383,0.008683535584653497,0.3211188524232918
mantle,0.45,11.200000000000001,0.3122655678319327,0.00861100420746081,0.3208765720393935
mantle,0.45,11.250000000000002,0.312098020303286,0.008537791374531783,0.32063581167781774
mantle,0.45,11.3,0.311932638512448,0.008463926036312592,0.3203965645487606
mantle,0.45,11.350000000000001,0.3117693873927889,0.008389437138759372,0.3201588245315483
mantle,0.45,11.400000000000002,0.3116082325374469,0.00831435360652807,0.31992258614397495
mantle,0.45,11.450000000000001,0.31144914018576353,0.008238704326356748,0.3196878445121203
mantle,0.45,11.500000000000002,0.3112920772100028,0.008162518130652404,0.3194545953406552
mantle,0.45,11.55,0.31113701110234765,0.008085823781294217,0.3192228348836419
mantle,0.45,11.600000000000001,0.31098390996217,0.008008649953664513,0.31899255991583453
mantle,0.45,11.650000000000002,0.3108327424835681,0.007931025220918672,0.3187637677044868
mantle,0.45,11.700000000000001,0.3106834779431666,0.00785297803850465,0.31853645598167124
mantle,0.45,11.750000000000002,0.3105360861881746,0.007774536728942471,0.31831062291711704
mantle,0.45,11.8,0.31039053762469615,0.007695729466873781,0.31808626709156995
mantle,0.45,11.850000000000001,0.31024680320628917,0.007616584264390945,0.3178633874706801
mantle,0.45,11.900000000000002,0.3101048544227666,0.007537128956655057,0.3176419833794216
mantle,0.45,11.950000000000001,0.30996466328923616,0.007457391187811592,0.31742205447704774
mantle,0.45,12.000000000000002,0.3098262023353739,0.007377398397212187,0.3172036007325861
mantle,0.45,12.05,0.3096894445949255,0.007297177805950622,0.3169866224008761
mantle,0.45,12.100000000000001,0.3095543635954329,0.0072167564037205366,0.31677111999915347
mantle,0.45,12.150000000000002,0.30942093334817994,0.007136160936002209,0.31655709428418216
mantle,0.45,12.200000000000001,0.3092891283383529,0.007055417891585131,0.3163445462299381
mantle,0.45,12.250000000000002,0.3091589235154122,0.0069745534904327765,0.316133477005845
mantle,0.45,12.3,0.3090302942836701,0.0068935936718956,0.31592388795556575
mantle,0.45,12.350000000000001,0.3089032164930706,0.0068125640832777026,0.3157157805763483
mantle,0.45,12.400000000000002,0.3087776664301669,0.006731490068762423,0.31550915649892936
mantle,0.45,12.450000000000001,0.308653620809293,0.00665039665870147,0.31530401746799447
mantle,0.45,12.500000000000002,0.3085310567639241,0.006569308559271922,0.315100365323196
mantle,0.45,12.55,0.30840995183822373,0.006488250142504994,0.3148982019807287
mantle,0.45,12.600000000000001,0.3082902839787712,0.00640724543668996,0.31469752941546114
mantle,0.45,12.650000000000002,0.30817203152646727,0.006326318117156348,0.3144983496436236
mantle,0.45,12.700000000000001,0.30805517320861453,0.0062454914974369394,0.31430066470605145
mantle,0.45,12.750000000000002,0.30793968813116696,0.006164788520813857,0.3141044766519808
mantle,0.45,12.8,0.3078255557711462,0.006084231752249521,0.3139097875233957
mantle,0.45,12.850000000000001,0.30771275596922104,0.006003843370703842,0.3137165993399249
mantle,0.45,12.900000000000002,0.3076012689224467,0.005923645161838692,0.3135249140842854
mantle,0.45,12.950000000000001,0.3074910751771589,0.00584365851111023,0.31333473368826914
mantle,0.45,13.000000000000002,0.30738215562202126,0.005763904397249277,0.31314606001927053
mantle,0.45,13.05,0.3072744914812223,0.005684403386129617,0.31295889486735196
mantle,0.45,13.100000000000001,0.3071680643078175,0.0056051756250235975,0.3127732399328411
mantle,0.45,13.150000000000002,0.30706285597721455,0.005526240837244166,0.31258909681445873
mantle,0.45,13.200000000000001,0.30695884868079837,0.005447618317172006,0.31240646699797037
mantle,0.45,13.250000000000002,0.30685602491969244,0.00536932692566612,0.31222535184535855
mantle,0.45,13.3,0.30675436749865376,0.005291385085855893,0.3120457525845097
mantle,0.45,13.350000000000001,0.30665385952009844,0.005213810779312204,0.31186767029941065
mantle,0.45,13.400000000000002,0.30655448437825483,0.005136621542594996,0.3116911059208498
mantle,0.45,13.450000000000001,0.30645622575344234,0.00505983446417419,0.3115160602176165
mantle,0.45,13.500000000000002,0.30635906760647086,0.004983466181720661,0.31134253378819154
mantle,0.45,13.55,0.3062629941731611,0.004907532879763634,0.31117052705292475
mantle,0.45,13.600000000000001,0.30616798995898103,0.004832050287710486,0.31100004024669153
mantle,0.45,13.650000000000002,0.30607403973379665,0.0047570336782247905,0.31083107341202143
mantle,0.45,13.700000000000001,0.30598112852673426,0.004682497865958008,0.3106636263926923
mantle,0.45,13.750000000000002,0.305889241621152,0.004608457206630052,0.31049769882778205
mantle,0.45,13.8,0.3057983645497181,0.004534925596453674,0.3103332901461718
mantle,0.45,13.850000000000001,0.3057084830895938,0.004461916471897309,0.3101703995614911
mantle,0.45,13.900000000000002,0.3056195832577178,0.0043894428097808824,0.3100090260674987
mantle,0.45,13.950000000000001,0.30553165130619075,0.004317517127698694,0.30984916843388943
mantle,0.45,14.000000000000002,0.3054446737177576,0.004246151484763444,0.309690825202521
mantle,0.45,14.05,0.30535863720138434,0.0041753574826651355,0.30953399468404946
mantle,0.45,14.100000000000001,0.30527352868792934,0.004105146267038391,0.30937867495496774
mantle,0.45,14.150000000000002,0.30518933532590486,0.004035528529131624,0.3092248638550365
mantle,0.45,14.200000000000001,0.3051060444773282,0.003966514507771212,0.3090725589850994
mantle,0.45,14.250000000000002,0.30502364371365925,0.0038981139916137043,0.30892175770527297
mantle,0.45,14.3,0.3049421208118247,0.0038303363216789727,0.30877245713350365
mantle,0.45,14.350000000000001,0.3048614637503243,0.00376319039415696,0.30862465414448126
mantle,0.45,14.400000000000002,0.3047816607054186,0.003696684663480697,0.30847834536889934
mantle,0.45,14.450000000000001,0.3047027000473976,0.003630827145657957,0.3083335271930555
mantle,0.45,14.500000000000002,0.30462457033692536,0.0035656254218539543,0.3081901957587793
mantle,0.45,14.55,0.3045472603214625,0.0035010866422173228,0.30804834696367983
mantle,0.45,14.600000000000001,0.30447075893176245,0.0034372175299414737,0.3079079764617039
mantle,0.45,14.650000000000002,0.30439505527844,0.0033740243855534613,0.3077690796639935
mantle,0.45,14.700000000000001,0.3043201386486119,0.003311513091422292,0.3076316517400342
mantle,0.45,14.750000000000002,0.3042459985026064,0.003249689116478629,0.307495687619085
mantle,0.45,14.8,0.3041726244707414,0.0031885575211377834,0.3073611819918792
mantle,0.45,14.850000000000001,0.3041000063501685,0.00312812296241778,0.30722812931258625
mantle,0.45,14.900000000000002,0.3040281341017828,0.003068389699244358,0.30709652380102714
mantle,0.45,14.950000000000001,0.3039569978471956,0.00300936159793464,0.30696635944513023
mantle,0.45,15.000000000000002,0.3038865878657701,0.0029510421378512444,0.30683763000362135
mantle,0.45,15.05,0.3038168945917171,0.0028934344172186397,0.30671032900893574
mantle,0.45,15.100000000000001,0.3037479086112513,0.0028365411590934577,0.3065844497703447
mantle,0.45,15.150000000000002,0.3036796206598042,0.0027803647174806,0.3064599853772848
mantle,0.45,15.200000000000001,0.3036120216192955,0.0027249070835869125,0.3063369287028824
mantle,0.45,15.250000000000002,0.3035451025154593,0.002670169892204278,0.30621527240766355
mantle,0.45,15.3,0.3034788545152249,0.0026161544282140414,0.30609500894343894
mantle,0.45,15.350000000000001,0.3034132689241505,0.0025628616332046394,0.3059761305573551
mantle,0.45,15.400000000000002,0.3033483371839097,0.0025102921121944993,0.3058586292961042
mantle,0.45,15.450000000000001,0.3032840508698281,0.0024584461404521976,0.30574249701028033
mantle,0.45,15.500000000000002,0.30322040168847053,0.0024073236704060374,0.30562772535887656
mantle,0.45,15.55,0.3031573814752756,0.002356924338635275,0.30551430581391087
mantle,0.45,15.600000000000001,0.3030949821922398,0.002307247472935233,0.30540222966517505
mantle,0.45,15.650000000000002,0.3030331959256467,0.002258292099448757,0.3052914880250955
mantle,0.45,15.700000000000001,0.3029720148838419,0.002210056949856457,0.30518207183369833
mantle,0.45,15.750000000000002,0.3029114313950538,0.0021625404686183413,0.30507397186367213
mantle,0.45,15.8,0.3028514379052559,0.002115740820259586,0.3049671787255155
mantle,0.45,15.850000000000001,0.3027920269760739,0.002069655896693205,0.3048616828727671
mantle,0.45,15.900000000000002,0.3027331912827329,0.0020242833245726426,0.30475747460730557
mantle,0.45,15.950000000000001,0.3026749236120464,0.0019796204726673073,0.3046545440847137
mantle,0.45,16.0,0.3026172168604448,0.0019356644592542953,0.3045528813196991
mantle,0.45,16.05,0.30256006403204316,0.001892412159519652,0.3044524761915628
mantle,0.45,16.1,0.3025034582367471,0.0018498602129626601,0.3043533184497098
mantle,0.45,16.150000000000002,0.3024473926883962,0.0018080050307967884,0.304255397719193
mantle,0.45,16.200000000000003,0.30239186070294377,0.0017668428033411087,0.3041587035062849
mantle,0.45,16.25,0.30233685569667296,0.0017263695073961164,0.3040632252040691
mantle,0.45,16.3,0.30228237118444695,0.0016865809135980468,0.303968952098045
mantle,0.45,16.35,0.30222840077799484,0.0016474725937459835,0.3038758733717408
mantle,0.45,16.400000000000002,0.3021749381842297,0.0016090399280961393,0.3037839781123258
mantle,0.45,16.450000000000003,0.3021219772036002,0.0015712781126179277,0.3036932553162181
mantle,0.45,16.5,0.3020695117284742,0.0015341821662065737,0.3036036938946808
mantle,0.45,16.55,0.30201753574155416,0.0014977469378471837,0.30351528267940137
mantle,0.45,16.6,0.3019660433143224,0.001461967113725389,0.3034280104280478
mantle,0.45,16.650000000000002,0.30191502860551755,0.0014268372242798107,0.3033418658297974
mantle,0.45,16.700000000000003,0.30186448585963976,0.0013923516511917858,0.30325683751083155
mantle,0.45,16.75,0.301814409405485,0.0013585046343079976,0.30317291403979296
mantle,0.45,16.8,0.30176479365470776,0.001325290278491755,0.30309008393319953
mantle,0.45,16.85,0.3017156331004111,0.0012927025603989464,0.30300833566081004
mantle,0.45,16.900000000000002,0.3016669223157639,0.001260735335174734,0.30292765765093865
mantle,0.45,16.950000000000003,0.3016186559526448,0.0012293823430673712,0.30284803829571216
mantle,0.45,17.0,0.3015708287403116,0.0011986372159555844,0.3027694659562672
mantle,0.45,17.05,0.30152343548409666,0.0011684934837862067,0.3026919289678829
mantle,0.45,17.1,0.3014764710641263,0.0011389445809189044,0.3026154156450452
mantle,0.45,17.150000000000002,0.3014299304340658,0.0011099838523749871,0.3025399142864408
mantle,0.45,17.200000000000003,0.30138380861988684,0.001081604559987492,0.30246541317987435
mantle,0.45,17.25,0.30133810071865913,0.0010537998884499122,0.302391900607109
mantle,0.45,17.3,0.30129280189736485,0.0010265629512610404,0.30231936484862587
mantle,0.45,17.35,0.3012479073917349,0.0009998867965636978,0.3022477941882986
mantle,0.45,17.400000000000002,0.3012034125051076,0.0009737644128751051,0.30217717691798274
mantle,0.45,17.450000000000003,0.30115931260730894,0.0009481887347069941,0.3021075013420159
mantle,0.45,17.5,0.3011156031335529,0.0009231526480735843,0.3020387557816265
mantle,0.45,17.55,0.3010722795833634,0.0008986489958857949,0.30197092857924923
mantle,0.45,17.6,0.301029337519516,0.0008746705832301689,0.30190400810274615
mantle,0.45,17.650000000000002,0.300986772566999,0.0008512101825311672,0.30183798274953016
mantle,0.45,17.700000000000003,0.3009445804119944,0.0008282605385956186,0.30177284095059004
mantle,0.45,17.75,0.30090275680087736,0.0008058143735382985,0.30170857117441563
mantle,0.45,17.8,0.3008612975392346,0.0007838643915876948,0.30164516193082225
mantle,0.45,17.85,0.30082019849090014,0.0007624032837712509,0.3015826017746714
mantle,0.45,17.900000000000002,0.3007794555770103,0.0007414237324793987,0.3015208793094897
mantle,0.45,17.950000000000003,0.30073906477507445,0.0007209184159079531,0.3014599831909824
mantle,0.45,18.0,0.3006990221180638,0.0007008800123784758,0.3013999021304423
mantle,0.45,18.05,0.300659323693517,0.000681301204536406,0.3013406248980534
mantle,0.45,18.1,0.3006199656426613,0.0006621746834268564,0.30128214032608813
mantle,0.45,18.150000000000002,0.30058094415955083,0.0006434931524481011,0.30122443731199894
mantle,0.45,18.200000000000003,0.30054225549021935,0.0006252493311828934,0.30116750482140225
mantle,0.45,18.25,0.30050389593184984,0.0006074359591078972,0.30111133189095773
mantle,0.45,18.3,0.3004658618319581,0.0005900457991815732,0.3010559076311397
mantle,0.45,18.35,0.30042814958759123,0.0005730716413110523,0.30100122122890227
mantle,0.45,18.400000000000002,0.3003907556445413,0.000556506305698525,0.30094726195023985
mantle,0.45,18.450000000000003,0.30035367649657246,0.0005403426460678914,0.30089401914264036
mantle,0.45,18.5,0.3003169086846626,0.0005245735527724211,0.300841482237435
mantle,0.45,18.55,0.30028044879625765,0.0005091919557843225,0.30078964075204195
mantle,0.45,18.6,0.30024429346454085,0.0004941908275671948,0.30073848429210803
mantle,0.45,18.650000000000002,0.3002084393677135,0.00047956318583240845,0.30068800255354594
mantle,0.45,18.700000000000003,0.3001728832282895,0.0004653020961805599,0.30063818532447006
mantle,0.45,18.75,0.3001376218124021,0.00045140067462922837,0.30058902248703134
mantle,0.45,18.8,0.3001026519291233,0.000437852090028308,0.3005405040191516
core,0.1,0.05,0.547932295224204,3.8308922932170704e-05,0.5479706041471362
core,0.1,0.1,0.5462951299568997,7.780267620496974e-05,0.5463729326331046
core,0.1,0.15000000000000002,0.544639173211317,0.00011849396425461433,0.5447576671755716
core,0.1,0.2,0.5429646048296031,0.000160395151355896,0.543124999980959
core,0.1,0.25,0.5412716256134517,0.00020351824722746574,0.5414751438606791
core,0.1,0.3,0.5395604577004158,0.00024787489263432716,0.5398083325930502
core,0.1,0.35000000000000003,0.5378313448990759,0.0002934763450000743,0.538124821244076
core,0.1,0.4,0.536084552979783,0.0003403334640416198,0.5364248864438246
core,0.1,0.45,0.5343203699177671,0.00038845669743937646,0.5347088266152065
core,0.1,0.5,0.5325391060854756,0.00043785606655602813,0.5329769621520316
core,0.1,0.55,0.5307410943911249,0.0004885411522172307,0.5312296355433421
core,0.1,0.6000000000000001,0.5289266903605904,0.0005405210805677365,0.5294672114411582
core,0.1,0.6500000000000001,0.5270962721599234,0.000593804509016603,0.52769007666894
core,0.1,0.7000000000000001,0.5252502405559946,0.0006483996122852924,0.5258986401682798
core,0.1,0.7500000000000001,0.5233890188129767,0.0007043140685725938,0.5240933328815494
core,0.1,0.8,0.5215130525226489,0.0007615550458504344,0.5222746075684993
core,0.1,0.8500000000000001,0.5196228093667814,0.0008201291883047288,0.5204429385550862
core,0.1,0.9000000000000001,0.5177187788101739,0.00088004260293554,0.5185988214131094
core,0.1,0.9500000000000001,0.5158014717232543,0.0009413008463308616,0.5167427725695851
core,0.1,1.0,0.5138714199335075,0.0010039089116284398,0.514875328845136
core,0.1,1.05,0.5119291757053808,0.0010678712156800612,0.5129970469210609
core,0.1,1.1,0.5099753111487105,0.0011331915864327877,0.5111085027351433
core,0.1,1.1500000000000001,0.5080104175561333,0.001199873250541633,0.5092102908066749
core,0.1,1.2000000000000002,0.5060351046703642,0.001267918821228171,0.5073030234915923
core,0.1,1.2500000000000002,0.5040499998826611,0.0013373302863995554,0.5053873301690607
core,0.1,1.3,0.502055747364235,0.0014081089970423976,0.5034638563612773
core,0.1,1.35,0.5000530071327988,0.0014802556559059036,0.5015332627887047
core,0.1,1.4000000000000001,0.4980424540568885,0.0015537703064885933,0.4995962243633771
core,0.1,1.4500000000000002,0.49602477680100965,0.0016286523223428724,0.49765342912335253
core,0.1,1.5000000000000002,0.4940006767150817,0.001704900396711593,0.4957055771117933
core,0.1,1.55,0.49197086667204454,0.0017825125325106493,0.4937533792045552
core,0.1,1.6,0.4899360698578682,0.0018614860326715123,0.4917975558905397
core,0.1,1.6500000000000001,0.48789701851855577,0.0019418174908574436,0.4898388360094132
core,0.1,1.7000000000000002,0.485854452669047,0.0020235027825669955,0.487877955451614
core,0.1,1.7500000000000002,0.48380911876921834,0.002106537056638169,0.4859156558258565
core,0.1,1.8,0.4817617683724227,0.002190914727166442,0.4839526830995891
core,0.1,1.85,0.4797131567522234,0.0022766294658496397,0.4819897862180731
core,0.1,1.9000000000000001,0.4776640415131419,0.002363674194772371,0.48002771570791425
core,0.1,1.9500000000000002,0.47561518119136537,0.002452041079642513,0.4780672222710079
core,0.1,2.0,0.473567333851435,0.002541721523491957,0.476109055374927
core,0.1,2.05,0.47152125568497005,0.002632706160853524,0.4741539618458236
core,0.1,2.1,0.469477699617463,0.002724984852425636,0.4722026844698886
core,0.1,2.15,0.46743741392912325,0.002818546680236052,0.4702559606093593
core,0.1,2.1999999999999997,0.4654011408956344,0.0029133799433155917,0.46831452083895
core,0.1,2.25,0.4633696154545382,0.003009472153892421,0.4663790876084306
core,0.1,2.3,0.46134356390276404,0.003106810034117094,0.46445037393688116
core,0.1,2.35,0.45932370263058236,0.003205379513328191,0.46252908214391053
core,0.1,2.4,0.45731073689698987,0.003305165725867925,0.4606159026228578
core,0.1,2.45,0.4553053596512236,0.003406153009456702,0.4587115126606803
core,0.1,2.5,0.45330825040476197,0.0035083249041351844,0.45681657530889713
core,0.1,2.55,0.451320074157804,0.0036116641517819387,0.45493173830958594
core,0.1,2.6,0.4493414803838282,0.003716152696214275,0.4530576330800425
core,0.1,2.65,0.44737310207542574,0.0038217716838794286,0.45119487375930517
core,0.1,2.7,0.44541555485417805,0.003928501465142699,0.44934405631932073
core,0.1,2.75,0.44346943614691803,0.004036321596178708,0.44750575774309675
core,0.1,2.8,0.4415353244302769,0.00414521084147134,0.4456805352717482
core,0.1,2.85,0.43961377854497835,0.004255147176927469,0.44386892572190584
core,0.1,2.9,0.4377053370809074,0.004366107793608967,0.4420714448745164
core,0.1,2.95,0.435810517833552,0.004478069102086977,0.440288586935639
core,0.1,3.0,0.4339298173319973,0.0045910067374218275,0.43852082406941917
core,0.1,3.05,0.43206371043824987,0.0047048955647714195,0.4367686060030213
core,0.1,3.1,0.43021265001728065,0.004819709685630293,0.43503235970291093
core,0.1,3.15,0.42837706667681164,0.004935422444701009,0.43331248912151266
core,0.1,3.2,0.42655736857552473,0.00505200643739885,0.43160937501292357
core,0.1,3.25,0.4247539412980541,0.005169433517990294,0.4299233748160444
core,0.1,3.3,0.4229671477948285,0.005287674808364959,0.4282548226031935
core,0.1,3.35,0.4211973283845654,0.005406700707440255,0.4266040290920057
core,0.1,3.4,0.41944480081698055,0.005526480901197219,0.4249712817181778
core,0.1,3.45,0.41770986039306884,0.0056469843733454195,0.4233568447664143
core,0.1,3.5,0.4159927801401312,0.005768179416614214,0.4217609595567454
core,0.1,3.55,0.4142938110385746,0.005890033644666865,0.4201838446832415
core,0.1,3.6,0.4126131822973864,0.006012514004633561,0.41862569630201996
core,0.1,3.65,0.41095110167509324,0.006135586790258564,0.4170866884653518
core,0.1,3.7,0.40930775584294476,0.0062592176556561605,0.41556697349860094
core,0.1,3.75,0.4076833107870219,0.006383371629669406,0.4140666824166913
core,0.1,3.8,0.4060779122459516,0.006508013130824969,0.4125859253767765
core,0.1,3.85,0.40449168618091363,0.006633105982876831,0.41112479216379044
core,0.1,3.9,0.40292473927465483,0.0067586134309307955,0.40968335270558565
core,0.1,3.95,0.4013771594562669,0.00688449815814128,0.4082616576144082
core,0.1,4.0,0.39984901644855236,0.007010722302971107,0.4068597387515235
core,0.1,4.05,0.39834036233488035,0.007137247477004408,0.40547760981188474
core,0.1,4.1,0.3968512321425259,0.007264034783302138,0.404115266925828
core,0.1,4.15,0.39538164443959545,0.007391044835289067,0.4027726892748845
core,0.1,4.2,0.3939316019427551,0.007518237776160459,0.40144983971891557
core,0.1,4.25,0.39250109213310463,0.00764557329879614,0.40014666543190075
core,0.1,4.3,0.39109008787766986,0.007773010666168879,0.3988630985438387
core,0.1,4.35,0.38969854805412835,0.007900508732233634,0.397599056786362
core,0.1,4.4,0.3883264181765197,0.008028025963283425,0.39635444413980314
core,0.1,4.45,0.3869736310198412,0.008155520459757195,0.39512915147959843
core,0.1,4.5,0.38564010724157116,0.008282949978484338,0.3939230572200555
core,0.1,4.55,0.3843257559983108,0.008410271955350084,0.3927360279536609
core,0.1,4.6,0.38303047555588104,0.008537443528365425,0.3915679190842465
core,0.1,4.65,0.381754153891352,0.008664421561124661,0.39041857545247666
core,0.1,4.7,0.38049666928562387,0.008791162666633228,0.3892878319522571
core,0.1,4.75,0.379257890905318,0.008917623231487952,0.3881755141368059
core,0.1,4.8,0.3780376793728641,0.009043759440391378,0.38708143881325546
core,0.1,4.8500000000000005,0.37683588732380535,0.009169527300981401,0.38600541462478677
core,0.1,4.9,0.3756523599504596,0.00929488266895699,0.3849472426194166
core,0.1,4.95,0.3744869355311961,0.009419781273480341,0.3839067168046765
core,0.1,5.0,0.3733394459446999,0.009544178742835467,0.3828836246875354
core,0.1,5.05,0.37220971716869977,0.009668030630322752,0.3818777477990225
core,0.1,5.1000000000000005,0.3710975697627352,0.009791292440368762,0.380888862203104
core,0.1,5.15,0.37000281933463564,0.00991391965483014,0.37991673898946576
core,0.1,5.2,0.3689252769904665,0.010035867759470232,0.37896114474993675
core,0.1,5.25,0.3678647497677839,0.010157092270586641,0.3780218420383705
core,0.1,5.3,0.3668210410521096,0.010277548761767785,0.3770985898138774
core,0.1,5.3500000000000005,0.36579395097661116,0.010397192890756217,0.37619114386736735
core,0.1,5.4,0.36478327680503303,0.01051598042639617,0.3752992572314292
core,0.1,5.45,0.3637888132979821,0.010633867275642769,0.3744226805736249
core,0.1,5.5,0.3628103530627248,0.010750809510610002,0.3735611625733348
core,0.1,5.55,0.3618476868866974,0.010866763395634436,0.3727144502823318
core,0.1,5.6000000000000005,0.3609006040549748,0.010981685414331626,0.37188228946930646
core,0.1,5.65,0.35996889265197973,0.011095532296621928,0.37106442494860165
core,0.1,5.7,0.359052339847745,0.011208261045702467,0.3702606008934475
core,0.1,5.75,0.35815073216907245,0.011319828964941842,0.3694705611340143
core,0.1,5.8,0.3572638557559548,0.011430193684674246,0.36869404944062906
core,0.1,5.8500000000000005,0.3563914966036467,0.011539313188869594,0.3679308097925163
core,0.1,5.9,0.35553344079078875,0.011647145841656305,0.36718058663244507
core,0.1,5.95,0.3546894746940029,0.011753650413673431,0.36644312510767635
core,0.1,6.0,0.3538593851893862,0.011858786108228951,0.36571817129761514
core,0.1,6.05,0.3530429598413403,0.011962512587241028,0.36500547242858133
core,0.1,6.1000000000000005,0.3522399870791771,0.01206478999693933,0.3643047770761164
core,0.1,6.15,0.3514502563619459,0.012165578993303512,0.3636158353552494
core,0.1,6.2,0.35067355833192787,0.012264840767216262,0.36293839909914416
core,0.1,6.25,0.34990968495724223,0.012362537069308423,0.3622722220265506
core,0.1,6.3,0.34915842966400723,0.012458630234474015,0.36161705989848125
core,0.1,6.3500000000000005,0.34841958745849316,0.012553083206033218,0.3609726706645264
core,0.1,6.4,0.347692955039702,0.012645859559521576,0.36033881459922357
core,0.1,6.45,0.3469783309027979,0.012736923526084193,0.3597152544288821
core,0.1,6.5,0.3462755154338096,0.012826240015453799,0.35910175544926337
core,0.1,6.55,0.3455843109960133,0.01291377463849204,0.3584980856345053
core,0.1,6.6000000000000005,0.34490452200839783,0.012999493729273776,0.3579040157376716
core,0.1,6.65,0.34423595501660365,0.013083364366694418,0.3573193193832981
core,0.1,6.7,0.3435784187567152,0.013165354395580963,0.35674377315229616
core,0.1,6.75,0.34293172421227813,0.013245432447287622,0.35617715665956573
core,0.1,6.8,0.34229568466489924,0.013323567959757634,0.3556192526246569
core,0.1,6.8500000000000005,0.34167011573877565,0.013399731197033141,0.3550698469358088
core,0.1,6.9,0.3410548354394914,0.013473893268195687,0.3545287287076871
core,0.1,6.95,0.34044966418740236,0.013546026145720333,0.35399569033312267
core,0.1,7.0,0.3398544248459241,0.01361610268322697,0.3534705275291511
core,0.1,7.05,0.3392689427450216,0.013684096632613002,0.3529530393776346
core,0.1,7.1000000000000005,0.3386930457001905,0.013749982660552135,0.3524430283607426
core,0.1,7.15,0.33812656402720576,0.013813736364344653,0.3519403003915504
core,0.1,7.2,0.3375693305529051,0.013875334287105136,0.35144466484001025
core,0.1,7.25,0.33702118062225994,0.013934753932274292,0.3509559345545342
core,0.1,7.3,0.336481952101977,0.01399197377744214,0.35047392587941917
core,0.1,7.3500000000000005,0.3359514853808652,0.014046973287470588,0.3499984586683358
core,0.1,7.4,0.33542962336718574,0.014099732926903969,0.3495293562940897
core,0.1,7.45,0.33491621148319994,0.01415023417165695,0.3490664456548569
core,0.1,7.5,0.3344110976571143,0.014198459519969845,0.34860955717708414
core,0.1,7.55,0.3339141323126148,0.014244392502622128,0.3481585248152369
core,0.1,7.6000000000000005,0.3334251683561717,0.014288017692395669,0.3477131860485674
core,0.1,7.65,0.3329440611622881,0.014329320712779951,0.347273381875068
core,0.1,7.7,0.3324706685568561,0.01436828824591227,0.34683895680276833
core,0.1,7.75,0.3320048507987742,0.014404908039746698,0.3464097588385209
core,0.1,7.8,0.3315464705599752,0.01443916891444636,0.34598563947442157
core,0.1,7.8500000000000005,0.33109539290400125,0.014471060767994285,0.3455664536719955
core,0.1,7.9,0.33065148526325866,0.014500574581018966,0.3451520598442776
core,0.1,7.95,0.3302146174150753,0.01452770242083143,0.34474231983590675
core,0.1,8.0,0.32978466145667906,0.014552437444671528,0.3443370989013506
core,0.1,8.05,0.32936149177920454,0.014574773902161754,0.3439362656813663
core,0.1,8.100000000000001,0.328944985040835,0.014594707136967944,0.34353969217780295
core,0.1,8.15,0.3285350201391739,0.014612233587666718,0.34314725372684063
core,0.1,8.200000000000001,0.32813147818293903,0.014627350787820466,0.3427588289707595
core,0.1,8.250000000000002,0.32773424246306565,0.014640057365261494,0.3423742998283271
core,0.1,8.3,0.32734319842329707,0.014650353040587514,0.3419935514638846
core,0.1,8.350000000000001,0.32695823363034016,0.01465823862487174,0.3416164722552119
core,0.1,8.4,0.32657923774365444,0.0146637160165913,0.3412429537602457
core,0.1,8.450000000000001,0.3262061024849423,0.014666788197778679,0.340872890682721
core,0.1,8.500000000000002,0.32583872160740024,0.01466745922940155,0.3405061808368018
core,0.1,8.55,0.3254769908647899,0.014665734245977063,0.34014272511076693
core,0.1,8.600000000000001,0.32512080798037996,0.01466161944942754,0.3397824274298075
core,0.1,8.65,0.32477007261581203,0.014655122102185059,0.3394251947179971
core,0.1,8.700000000000001,0.3244246863399325,0.01464625051955331,0.3390709368594858
core,0.1,8.750000000000002,0.32408455259763563,0.014635014061335692,0.33871956665897135
core,0.1,8.8,0.3237495766787571,0.014621423122739318,0.33837099980149643
core,0.1,8.850000000000001,0.3234196656870528,0.014605489124565368,0.3380251548116182
core,0.1,8.9,0.32309472850929905,0.014587224502696786,0.33768195301199583
core,0.1,8.950000000000001,0.3227746757845425,0.014566642696895029,0.3373413184814375
core,0.1,9.000000000000002,0.32245941987353033,0.014543758138918181,0.3370031780124485
core,0.1,9.05,0.3221488748283454,0.014518586239973395,0.3366674610683188
core,0.1,9.100000000000001,0.3218429563622708,0.014491143377517208,0.336334099739788
core,0.1,9.15,0.321541581819905,0.014461446881417834,0.3360030287013228
core,0.1,9.200000000000001,0.3212446701475482,0.014429515019494181,0.3356741851670424
core,0.1,9.250000000000002,0.32095214186387616,0.014395366982446783,0.3353475088463229
core,0.1,9.3,0.3206639190309196,0.014359022868196455,0.3350229418991161
core,0.1,9.350000000000001,0.32037992522536196,0.014320503665646935,0.33470042889100887
core,0.1,9.4,0.3201000855101689,0.014279831237888287,0.33437991674805717
core,0.1,9.450000000000001,0.3198243264065617,0.014237028304858292,0.33406135471142
core,0.1,9.500000000000002,0.3195525758663443,0.014192118425479476,0.33374469429182374
core,0.1,9.55,0.3192847632445916,0.014145125979289953,0.33342988922388156
core,0.1,9.600000000000001,0.31902081927270914,0.014096076147586446,0.3331168954202956
core,0.1,9.650000000000002,0.31876067603186886,0.014044994894098526,0.3328056709259674
core,0.1,9.700000000000001,0.31850426692682743,0.013991908945213136,0.33249617587204056
core,0.1,9.750000000000002,0.31825152666013085,0.013936845769769057,0.3321883724298999
core,0.1,9.8,0.3180023912067108,0.013879833558441154,0.33188222476515195
core,0.1,9.850000000000001,0.3177567977888736,0.013820901202734532,0.33157769899160816
core,0.1,9.900000000000002,0.3175146848516853,0.013760078273609023,0.33127476312529436
core,0.1,9.950000000000001,0.3172759920387542,0.013697394999754628,0.3309733870385088
core,0.1,10.000000000000002,0.31704066016841076,0.013632882245538776,0.33067354241394953
core,0.1,10.05,0.3168086312102867,0.013566571488646382,0.33037520269893306
core,0.1,10.100000000000001,0.31657984826229063,0.013498494797433987,0.3300783430597246
core,0.1,10.150000000000002,0.31635425552798196,0.013428684808019196,0.32978294033600114
core,0.1,10.200000000000001,0.31613179829433935,0.01335717470112692,0.32948897299546626
core,0.1,10.250000000000002,0.31591242290992344,0.013283998178713912,0.32919642108863734
core,0.1,10.3,0.3156960767634315,0.013209189440393202,0.32890526620382465
core,0.1,10.350000000000001,0.3154827082626403,0.013132783159679995,0.32861549142232027
core,0.1,10.400000000000002,0.315272266813736,0.013054814460080728,0.3283270812738167
core,0.1,10.450000000000001,0.3150647028010266,0.01297531889104685,0.32804002169207347
core,0.1,10.500000000000002,0.314859967567034,0.012894332403814917,0.32775429997084893
core,0.1,10.55,0.31465801339296173,0.012811891327154558,0.3274699047201163
core,0.1,10.600000000000001,0.314458793479535,0.012728032343045642,0.32718682582258063
core,0.1,10.650000000000002,0.314262261928208,0.012642792462306122,0.3269050543905141
core,0.1,10.700000000000001,0.3140683737227353,0.012556209000191637,0.32662458272292694
core,0.1,10.750000000000002,0.31387708471110093,0.012468319551987912,0.32634540426308883
core,0.1,10.8,0.3136883515878038,0.012379161968616966,0.3260675135564208
core,0.1,10.850000000000001,0.313502131876491,0.012288774332277576,0.3257909062087686
core,0.1,10.900000000000002,0.3133183839129367,0.012197194932140679,0.32551557884507737
core,0.1,10.950000000000001,0.31313706682836084,0.012104462240119747,0.3252415290684806
core,0.1,11.000000000000002,0.3129581405330829,0.0120106148867362,0.3249687554198191
core,0.1,11.05,0.3127815657005049,0.011915691637099475,0.3246972573376044
core,0.1,11.100000000000001,0.3126073037514196,0.011819731367021157,0.32442703511844073
core,0.1,11.150000000000002,0.3124353168386383,0.01172277303928222,0.3241580898779205
core,0.1,11.200000000000001,0.3122655678319327,0.011624855680072092,0.3238904235120048
core,0.1,11.250000000000002,0.312098020303286,0.011526018355617909,0.3236240386589039
core,0.1,11.3,0.311932638512448,0.011426300149022,0.32335893866147003
core,0.1,11.350000000000001,0.3117693873927889,0.011325740137325152,0.32309512753011405
core,0.1,11.400000000000002,0.3116082325374469,0.011224377368812896,0.3228326099062598
core,0.1,11.450000000000001,0.31144914018576353,0.011122250840581611,0.32257139102634513
core,0.1,11.500000000000002,0.3112920772100028,0.011019399476380747,0.32231147668638355
core,0.1,11.55,0.31113701110234765,0.010915862104747194,0.32205287320709486
core,0.1,11.600000000000001,0.31098390996217,0.010811677437447093,0.3217955873996171
core,0.1,11.650000000000002,0.3108327424835681,0.010706884048240207,0.32153962653180834
core,0.1,11.700000000000001,0.3106834779431666,0.010601520351981277,0.32128499829514784
core,0.1,11.750000000000002,0.3105360861881746,0.010495624584072336,0.3210317107722469
core,0.1,11.8,0.31039053762469615,0.010389234780279605,0.32077977240497574
core,0.1,11.850000000000001,0.31024680320628917,0.010282388756927776,0.32052919196321694
core,0.1,11.900000000000002,0.3101048544227666,0.010175124091484328,0.32027997851425094
core,0.1,11.950000000000001,0.30996466328923616,0.010067478103545649,0.3200321413927818
core,0.1,12.000000000000002,0.3098262023353739,0.009959487836236453,0.31978569017161035
core,0.1,12.05,0.3096894445949255,0.009851190038033341,0.31954063463295884
core,0.1,12.100000000000001,0.3095543635954329,0.009742621145022725,0.31929698474045565
core,0.1,12.150000000000002,0.30942093334817994,0.009633817263602983,0.3190547506117829
core,0.1,12.200000000000001,0.3092891283383529,0.009524814153639927,0.31881394249199285
core,0.1,12.250000000000002,0.3091589235154122,0.009415647212084249,0.31857457072749645
core,0.1,12.3,0.3090302942836701,0.00930635145705906,0.3183366457407292
core,0.1,12.350000000000001,0.3089032164930706,0.0091969615124249,0.3181001780054955
core,0.1,12.400000000000002,0.3087776664301669,0.009087511592829273,0.3178651780229962
core,0.1,12.450000000000001,0.308653620809293,0.008978035489246985,0.31763165629853995
core,0.1,12.500000000000002,0.3085310567639241,0.008868566555017094,0.3173996233189412
core,0.1,12.55,0.30840995183822373,0.008759137692381742,0.31716908953060546
core,0.1,12.600000000000001,0.3082902839787712,0.008649781339531447,0.3169400653183026
core,0.1,12.650000000000002,0.30817203152646727,0.00854052945816107,0.31671256098462836
core,0.1,12.700000000000001,0.30805517320861453,0.008431413521539869,0.3164865867301544
core,0.1,12.750000000000002,0.30793968813116696,0.008322464503098708,0.31626215263426566
core,0.1,12.8,0.3078255557711462,0.008213712865536854,0.316039268636683
core,0.1,12.850000000000001,0.30771275596922104,0.008105188550450186,0.3158179445196712
core,0.1,12.900000000000002,0.3076012689224467,0.007996920968482235,0.31559818989092897
core,0.1,12.950000000000001,0.3074910751771589,0.007888938989998812,0.3153800141671577
core,0.1,13.000000000000002,0.30738215562202126,0.007781270936286525,0.31516342655830776
core,0.1,13.05,0.3072744914812223,0.007673944571274983,0.3149484360524973
core,0.1,13.100000000000001,0.3071680643078175,0.007566987093781857,0.31473505140159935
core,0.1,13.150000000000002,0.30706285597721455,0.007460425130279625,0.31452328110749417
core,0.1,13.200000000000001,0.30695884868079837,0.007354284728182209,0.3143131334089806
core,0.1,13.250000000000002,0.30685602491969244,0.007248591349649262,0.3141046162693417
core,0.1,13.3,0.30675436749865376,0.007143369865905456,0.3138977373645592
core,0.1,13.350000000000001,0.30665385952009844,0.007038644552071476,0.3136925040721699
core,0.1,13.400000000000002,0.30655448437825483,0.006934439082503245,0.3134889234607581
core,0.1,13.450000000000001,0.30645622575344234,0.006830776526635157,0.3132870022800775
core,0.1,13.500000000000002,0.30635906760647086,0.006727679345322893,0.3130867469517937
core,0.1,13.55,0.3062629941731611,0.006625169387680907,0.31288816356084204
core,0.1,13.600000000000001,0.30616798995898103,0.006523267888409156,0.3126912578473902
core,0.1,13.650000000000002,0.30607403973379665,0.006421995465603468,0.3124960351994001
core,0.1,13.700000000000001,0.30598112852673426,0.006321372119043311,0.3123025006457776
core,0.1,13.750000000000002,0.305889241621152,0.006221417228950571,0.3121106588501026
core,0.1,13.8,0.3057983645497181,0.0061221495552124605,0.31192051410493055
core,0.1,13.850000000000001,0.3057084830895938,0.0060235872370613674,0.3117320703266552
core,0.1,13.900000000000002,0.3056195832577178,0.005925747793204192,0.311545331050922
core,0.1,13.950000000000001,0.30553165130619075,0.0058286481223932375,0.311360299428584
core,0.1,14.000000000000002,0.3054446737177576,0.00573230450443065,0.3111769782221882
core,0.1,14.05,0.30535863720138434,0.005636732601597933,0.31099536980298226
core,0.1,14.100000000000001,0.30527352868792934,0.005541947460501828,0.3108154761484312
core,0.1,14.150000000000002,0.30518933532590486,0.0054479635143276925,0.31063729884023256
core,0.1,14.200000000000001,0.3051060444773282,0.005354794585491137,0.31046083906281935
core,0.1,14.250000000000002,0.30502364371365925,0.005262453888678501,0.3102860976023378
core,0.1,14.3,0.3049421208118247,0.005170954034266613,0.3101130748460913
core,0.1,14.350000000000001,0.3048614637503243,0.0050803070321118965,0.3099417707824362
core,0.1,14.400000000000002,0.3047816607054186,0.0049905242956989415,0.3097721850011176
core,0.1,14.450000000000001,0.3047027000473976,0.004901616646638242,0.3096043166940358
core,0.1,14.500000000000002,0.30462457033692536,0.004813594319502838,0.3094381646564282
core,0.1,14.55,0.3045472603214625,0.004726466966993386,0.30927372728845587
core,0.1,14.600000000000001,0.30447075893176245,0.00464024366542099,0.30911100259718344
core,0.1,14.650000000000002,0.30439505527844,0.004554932920497173,0.3089499881989372
core,0.1,14.700000000000001,0.3043201386486119,0.004470542673420094,0.308790681322032
core,0.1,14.750000000000002,0.3042459985026064,0.004387080307246149,0.3086330788098526
core,0.1,14.8,0.3041726244707414,0.004304552653536008,0.3084771771242774
core,0.1,14.850000000000001,0.3041000063501685,0.0042229659992640035,0.3083229723494325
core,0.1,14.900000000000002,0.3040281341017828,0.004142326093979884,0.3081704601957627
core,0.1,14.950000000000001,0.3039569978471956,0.004062638157211764,0.30801963600440735
core,0.1,15.000000000000002,0.3038865878657701,0.00398390688609918,0.3078704947518693
core,0.1,15.05,0.3038168945917171,0.0039061364632451637,0.3077230310549623
core,0.1,15.100000000000001,0.3037479086112513,0.0038293305647761683,0.3075772391760275
core,0.1,15.150000000000002,0.3036796206598042,0.0037534923685988105,0.307433113028403
core,0.1,15.200000000000001,0.3036120216192955,0.0036786245628423323,0.30729064618213786
core,0.1,15.250000000000002,0.3035451025154593,0.003604729354475775,0.30714983186993505
core,0.1,15.3,0.3034788545152249,0.003531808478088956,0.30701066299331387
core,0.1,15.350000000000001,0.3034132689241505,0.0034598632048262632,0.30687313212897677
core,0.1,15.400000000000002,0.3033483371839097,0.0033888943514625743,0.30673723153537225
core,0.1,15.450000000000001,0.3032840508698281,0.003318902289610467,0.3066029531594386
core,0.1,15.500000000000002,0.30322040168847053,0.003249886955048151,0.30647028864351866
core,0.1,15.55,0.3031573814752756,0.0031818478571576216,0.30633922933243324
core,0.1,15.600000000000001,0.3030949821922398,0.003114784088462565,0.30620976628070234
core,0.1,15.650000000000002,0.3030331959256467,0.003048694334255822,0.3060818902599025
core,0.1,15.700000000000001,0.3029720148838419,0.002983576882306217,0.3059555917661481
core,0.1,15.750000000000002,0.3029114313950538,0.002919429632634761,0.3058308610276885
core,0.1,15.8,0.3028514379052559,0.0028562501073504413,0.3057076880126064
core,0.1,15.850000000000001,0.3027920269760739,0.002794035460535827,0.3055860624366097
core,0.1,15.900000000000002,0.3027331912827329,0.0027327824881730675,0.30546597377090595
core,0.1,15.950000000000001,0.3026749236120464,0.002672487638100865,0.30534741125014725
core,0.1,16.0,0.3026172168604448,0.002613147019993299,0.3052303638804381
core,0.1,16.05,0.30256006403204316,0.0025547564153515306,0.3051148204473947
core,0.1,16.1,0.3025034582367471,0.0024973112874995913,0.3050007695242467
core,0.1,16.150000000000002,0.3024473926883962,0.0024408067915756646,0.30488819947997187
core,0.1,16.200000000000003,0.30239186070294377,0.002385237784510497,0.30477709848745427
core,0.1,16.25,0.30233685569667296,0.0023305988349847572,0.3046674545316577
core,0.1,16.3,0.30228237118444695,0.0022768842333573632,0.3045592554178043
core,0.1,16.35,0.30222840077799484,0.0022240880015570778,0.30445248877955194
core,0.1,16.400000000000002,0.3021749381842297,0.002172203902929788,0.30434714208715946
core,0.1,16.450000000000003,0.3021219772036002,0.0021212254520342026,0.30424320265563437
core,0.1,16.5,0.3020695117284742,0.0020711459243788746,0.30414065765285303
core,0.1,16.55,0.30201753574155416,0.0020219583660936982,0.30403949410764786
core,0.1,16.6,0.3019660433143224,0.001973655603529275,0.3039396989178517
core,0.1,16.650000000000002,0.30191502860551755,0.0019262302527777446,0.3038412588582953
core,0.1,16.700000000000003,0.30186448585963976,0.001879674729108911,0.3037441605887487
core,0.1,16.75,0.301814409405485,0.0018339812563157969,0.30364839066180077
core,0.1,16.8,0.30176479365470776,0.0017891418759638695,0.3035539355306716
core,0.1,16.85,0.3017156331004111,0.0017451484565385777,0.30346078155694967
core,0.1,16.900000000000002,0.3016669223157639,0.001701992702485891,0.3033689150182498
core,0.1,16.950000000000003,0.3016186559526448,0.0016596661631409512,0.30327832211578576
core,0.1,17.0,0.3015708287403116,0.001618160241540039,0.30318898898185165
core,0.1,17.05,0.30152343548409666,0.001577466203111379,0.30310090168720805
core,0.1,17.1,0.3014764710641263,0.001537575184240521,0.3030140462483668
core,0.1,17.150000000000002,0.3014299304340658,0.0014984782007062328,0.30292840863477205
core,0.1,17.200000000000003,0.30138380861988684,0.0014601661559831144,0.30284397477586994
core,0.1,17.25,0.30133810071865913,0.0014226298494073816,0.3027607305680665
core,0.1,17.3,0.30129280189736485,0.0013858599842024046,0.3026786618815673
core,0.1,17.35,0.3012479073917349,0.0013498471753609922,0.3025977545670959
core,0.1,17.400000000000002,0.3012034125051076,0.001314581957381392,0.302517994462489
core,0.1,17.450000000000003,0.30115931260730894,0.0012800547918544421,0.3024393673991634
core,0.1,17.5,0.3011156031335529,0.001246256074899339,0.30236185920845227
core,0.1,17.55,0.3010722795833634,0.0012131761444458232,0.30228545572780924
core,0.1,17.6,0.301029337519516,0.0011808052873607281,0.30221014280687675
core,0.1,17.650000000000002,0.300986772566999,0.0011491337464170758,0.3021359063134161
core,0.1,17.700000000000003,0.3009445804119944,0.0011181517271040852,0.3020627321390985
core,0.1,17.75,0.30090275680087736,0.001087849404276703,0.30199060620515406
core,0.1,17.8,0.3008612975392346,0.001058216928643388,0.30191951446787796
core,0.1,17.85,0.30082019849090014,0.0010292444330911887,0.30184944292399135
core,0.1,17.900000000000002,0.3007794555770103,0.0010009220388471883,0.30178037761585746
core,0.1,17.950000000000003,0.30073906477507445,0.0009732398614757368,0.3017123046365502
core,0.1,18.0,0.3006990221180638,0.0009461880167109425,0.30164521013477474
core,0.1,18.05,0.300659323693517,0.0009197566261241482,0.30157908031964115
core,0.1,18.1,0.3006199656426613,0.0008939358226262562,0.30151390146528756
core,0.1,18.150000000000002,0.30058094415955083,0.0008687157558049366,0.30144965991535577
core,0.1,18.200000000000003,0.30054225549021935,0.0008440865970969062,0.30138634208731624
core,0.1,18.25,0.30050389593184984,0.0008200385447956612,0.3013239344766455
core,0.1,18.3,0.3004658618319581,0.0007965618288951239,0.30126242366085326
core,0.1,18.35,0.30042814958759123,0.0007736467157699207,0.30120179630336114
core,0.1,18.400000000000002,0.3003907556445413,0.0007512835126930088,0.3011420391572343
core,0.1,18.450000000000003,0.30035367649657246,0.0007294625721916535,0.3010831390687641
core,0.1,18.5,0.3003169086846626,0.0007081742962427686,0.30102508298090536
core,0.1,18.55,0.30028044879625765,0.0006874091403088355,0.3009678579365665
core,0.1,18.6,0.30024429346454085,0.000667157617215713,0.30091145108175654
core,0.1,18.650000000000002,0.3002084393677135,0.0006474103008737514,0.30085584966858725
core,0.1,18.700000000000003,0.3001728832282895,0.000628157829843756,0.30080104105813327
core,0.1,18.75,0.3001376218124021,0.0006093909107494583,0.3007470127231516
core,0.1,18.8,0.3001026519291233,0.0005911003215382159,0.3006937522506615
